Country Origin Name,Country Origin Code,Migration by Gender Name,Migration by Gender Code,Country Dest Name,Country Dest Code,People No
Austria,AUT,Female,FEM,Austria,AUT,0
Austria,AUT,Female,FEM,Belgium,BEL,1168
Austria,AUT,Female,FEM,Bulgaria,BGR,71
Austria,AUT,Female,FEM,Croatia,HRV,967
Austria,AUT,Female,FEM,Cyprus,CYP,94
Austria,AUT,Female,FEM,Czech Republic,CZE,4604
Austria,AUT,Female,FEM,Denmark,DNK,743
Austria,AUT,Female,FEM,Estonia,EST,4
Austria,AUT,Female,FEM,Finland,FIN,132
Austria,AUT,Female,FEM,France,FRA,12702
Austria,AUT,Female,FEM,Germany,DEU,85689
Austria,AUT,Female,FEM,Greece,GRC,860
Austria,AUT,Female,FEM,Hungary,HUN,841
Austria,AUT,Female,FEM,Ireland,IRL,470
Austria,AUT,Female,FEM,Italy,ITA,7647
Austria,AUT,Female,FEM,Latvia,LVA,44
Austria,AUT,Female,FEM,Lithuania,LTU,24
Austria,AUT,Female,FEM,Luxembourg,LUX,367
Austria,AUT,Female,FEM,Netherlands,NLD,3716
Austria,AUT,Female,FEM,Poland,POL,2423
Austria,AUT,Female,FEM,Portugal,PRT,156
Austria,AUT,Female,FEM,Romania,ROU,266
Austria,AUT,Female,FEM,Slovak Republic,SVK,484
Austria,AUT,Female,FEM,Slovenia,SVN,1489
Austria,AUT,Female,FEM,Spain,ESP,1815
Austria,AUT,Female,FEM,Sweden,SWE,2629
Austria,AUT,Female,FEM,Malta,MLT,8
Austria,AUT,Male,MAL,Austria,AUT,0
Austria,AUT,Male,MAL,Belgium,BEL,1093
Austria,AUT,Male,MAL,Bulgaria,BGR,68
Austria,AUT,Male,MAL,Croatia,HRV,703
Austria,AUT,Male,MAL,Cyprus,CYP,66
Austria,AUT,Male,MAL,Czech Republic,CZE,2819
Austria,AUT,Male,MAL,Denmark,DNK,710
Austria,AUT,Male,MAL,Estonia,EST,5
Austria,AUT,Male,MAL,Finland,FIN,172
Austria,AUT,Male,MAL,France,FRA,12375
Austria,AUT,Male,MAL,Germany,DEU,103407
Austria,AUT,Male,MAL,Greece,GRC,513
Austria,AUT,Male,MAL,Hungary,HUN,732
Austria,AUT,Male,MAL,Ireland,IRL,289
Austria,AUT,Male,MAL,Italy,ITA,2485
Austria,AUT,Male,MAL,Latvia,LVA,49
Austria,AUT,Male,MAL,Lithuania,LTU,20
Austria,AUT,Male,MAL,Luxembourg,LUX,254
Austria,AUT,Male,MAL,Netherlands,NLD,2680
Austria,AUT,Male,MAL,Poland,POL,2225
Austria,AUT,Male,MAL,Portugal,PRT,137
Austria,AUT,Male,MAL,Romania,ROU,305
Austria,AUT,Male,MAL,Slovak Republic,SVK,317
Austria,AUT,Male,MAL,Slovenia,SVN,1161
Austria,AUT,Male,MAL,Spain,ESP,1493
Austria,AUT,Male,MAL,Sweden,SWE,3328
Austria,AUT,Male,MAL,Malta,MLT,6
Austria,AUT,Total,TOT,Austria,AUT,0
Austria,AUT,Total,TOT,Belgium,BEL,2261
Austria,AUT,Total,TOT,Bulgaria,BGR,139
Austria,AUT,Total,TOT,Croatia,HRV,1670
Austria,AUT,Total,TOT,Cyprus,CYP,160
Austria,AUT,Total,TOT,Czech Republic,CZE,7422
Austria,AUT,Total,TOT,Denmark,DNK,1453
Austria,AUT,Total,TOT,Estonia,EST,9
Austria,AUT,Total,TOT,Finland,FIN,304
Austria,AUT,Total,TOT,France,FRA,25076
Austria,AUT,Total,TOT,Germany,DEU,189096
Austria,AUT,Total,TOT,Greece,GRC,1372
Austria,AUT,Total,TOT,Hungary,HUN,1574
Austria,AUT,Total,TOT,Ireland,IRL,758
Austria,AUT,Total,TOT,Italy,ITA,10131
Austria,AUT,Total,TOT,Latvia,LVA,93
Austria,AUT,Total,TOT,Lithuania,LTU,45
Austria,AUT,Total,TOT,Luxembourg,LUX,622
Austria,AUT,Total,TOT,Netherlands,NLD,6395
Austria,AUT,Total,TOT,Poland,POL,4648
Austria,AUT,Total,TOT,Portugal,PRT,293
Austria,AUT,Total,TOT,Romania,ROU,572
Austria,AUT,Total,TOT,Slovak Republic,SVK,801
Austria,AUT,Total,TOT,Slovenia,SVN,2650
Austria,AUT,Total,TOT,Spain,ESP,3309
Austria,AUT,Total,TOT,Sweden,SWE,5957
Austria,AUT,Total,TOT,Malta,MLT,14
Belgium,BEL,Female,FEM,Austria,AUT,755
Belgium,BEL,Female,FEM,Belgium,BEL,0
Belgium,BEL,Female,FEM,Bulgaria,BGR,18
Belgium,BEL,Female,FEM,Croatia,HRV,131
Belgium,BEL,Female,FEM,Cyprus,CYP,64
Belgium,BEL,Female,FEM,Czech Republic,CZE,377
Belgium,BEL,Female,FEM,Denmark,DNK,595
Belgium,BEL,Female,FEM,Estonia,EST,0
Belgium,BEL,Female,FEM,Finland,FIN,107
Belgium,BEL,Female,FEM,France,FRA,27125
Belgium,BEL,Female,FEM,Germany,DEU,12091
Belgium,BEL,Female,FEM,Greece,GRC,764
Belgium,BEL,Female,FEM,Hungary,HUN,164
Belgium,BEL,Female,FEM,Ireland,IRL,592
Belgium,BEL,Female,FEM,Italy,ITA,6085
Belgium,BEL,Female,FEM,Latvia,LVA,13
Belgium,BEL,Female,FEM,Lithuania,LTU,8
Belgium,BEL,Female,FEM,Luxembourg,LUX,7213
Belgium,BEL,Female,FEM,Netherlands,NLD,24982
Belgium,BEL,Female,FEM,Poland,POL,1551
Belgium,BEL,Female,FEM,Portugal,PRT,1838
Belgium,BEL,Female,FEM,Romania,ROU,106
Belgium,BEL,Female,FEM,Slovak Republic,SVK,100
Belgium,BEL,Female,FEM,Slovenia,SVN,2
Belgium,BEL,Female,FEM,Spain,ESP,11877
Belgium,BEL,Female,FEM,Sweden,SWE,582
Belgium,BEL,Female,FEM,Malta,MLT,2
Belgium,BEL,Male,MAL,Austria,AUT,587
Belgium,BEL,Male,MAL,Belgium,BEL,0
Belgium,BEL,Male,MAL,Bulgaria,BGR,48
Belgium,BEL,Male,MAL,Croatia,HRV,92
Belgium,BEL,Male,MAL,Cyprus,CYP,54
Belgium,BEL,Male,MAL,Czech Republic,CZE,385
Belgium,BEL,Male,MAL,Denmark,DNK,621
Belgium,BEL,Male,MAL,Estonia,EST,0
Belgium,BEL,Male,MAL,Finland,FIN,130
Belgium,BEL,Male,MAL,France,FRA,26427
Belgium,BEL,Male,MAL,Germany,DEU,12192
Belgium,BEL,Male,MAL,Greece,GRC,518
Belgium,BEL,Male,MAL,Hungary,HUN,156
Belgium,BEL,Male,MAL,Ireland,IRL,633
Belgium,BEL,Male,MAL,Italy,ITA,3036
Belgium,BEL,Male,MAL,Latvia,LVA,11
Belgium,BEL,Male,MAL,Lithuania,LTU,18
Belgium,BEL,Male,MAL,Luxembourg,LUX,7474
Belgium,BEL,Male,MAL,Netherlands,NLD,19017
Belgium,BEL,Male,MAL,Poland,POL,1427
Belgium,BEL,Male,MAL,Portugal,PRT,1502
Belgium,BEL,Male,MAL,Romania,ROU,139
Belgium,BEL,Male,MAL,Slovak Republic,SVK,77
Belgium,BEL,Male,MAL,Slovenia,SVN,1
Belgium,BEL,Male,MAL,Spain,ESP,10879
Belgium,BEL,Male,MAL,Sweden,SWE,606
Belgium,BEL,Male,MAL,Malta,MLT,1
Belgium,BEL,Total,TOT,Austria,AUT,1342
Belgium,BEL,Total,TOT,Belgium,BEL,0
Belgium,BEL,Total,TOT,Bulgaria,BGR,66
Belgium,BEL,Total,TOT,Croatia,HRV,223
Belgium,BEL,Total,TOT,Cyprus,CYP,118
Belgium,BEL,Total,TOT,Czech Republic,CZE,762
Belgium,BEL,Total,TOT,Denmark,DNK,1216
Belgium,BEL,Total,TOT,Estonia,EST,1
Belgium,BEL,Total,TOT,Finland,FIN,237
Belgium,BEL,Total,TOT,France,FRA,53553
Belgium,BEL,Total,TOT,Germany,DEU,24283
Belgium,BEL,Total,TOT,Greece,GRC,1282
Belgium,BEL,Total,TOT,Hungary,HUN,320
Belgium,BEL,Total,TOT,Ireland,IRL,1225
Belgium,BEL,Total,TOT,Italy,ITA,9121
Belgium,BEL,Total,TOT,Latvia,LVA,24
Belgium,BEL,Total,TOT,Lithuania,LTU,26
Belgium,BEL,Total,TOT,Luxembourg,LUX,14687
Belgium,BEL,Total,TOT,Netherlands,NLD,43999
Belgium,BEL,Total,TOT,Poland,POL,2978
Belgium,BEL,Total,TOT,Portugal,PRT,3340
Belgium,BEL,Total,TOT,Romania,ROU,245
Belgium,BEL,Total,TOT,Slovak Republic,SVK,177
Belgium,BEL,Total,TOT,Slovenia,SVN,3
Belgium,BEL,Total,TOT,Spain,ESP,22756
Belgium,BEL,Total,TOT,Sweden,SWE,1188
Belgium,BEL,Total,TOT,Malta,MLT,3
Bulgaria,BGR,Female,FEM,Austria,AUT,3413
Bulgaria,BGR,Female,FEM,Belgium,BEL,655
Bulgaria,BGR,Female,FEM,Bulgaria,BGR,0
Bulgaria,BGR,Female,FEM,Croatia,HRV,241
Bulgaria,BGR,Female,FEM,Cyprus,CYP,2002
Bulgaria,BGR,Female,FEM,Czech Republic,CZE,1910
Bulgaria,BGR,Female,FEM,Denmark,DNK,393
Bulgaria,BGR,Female,FEM,Estonia,EST,6
Bulgaria,BGR,Female,FEM,Finland,FIN,204
Bulgaria,BGR,Female,FEM,France,FRA,4025
Bulgaria,BGR,Female,FEM,Germany,DEU,10934
Bulgaria,BGR,Female,FEM,Greece,GRC,20402
Bulgaria,BGR,Female,FEM,Hungary,HUN,1998
Bulgaria,BGR,Female,FEM,Ireland,IRL,255
Bulgaria,BGR,Female,FEM,Italy,ITA,6575
Bulgaria,BGR,Female,FEM,Latvia,LVA,18
Bulgaria,BGR,Female,FEM,Lithuania,LTU,7
Bulgaria,BGR,Female,FEM,Luxembourg,LUX,106
Bulgaria,BGR,Female,FEM,Netherlands,NLD,1292
Bulgaria,BGR,Female,FEM,Poland,POL,818
Bulgaria,BGR,Female,FEM,Portugal,PRT,196
Bulgaria,BGR,Female,FEM,Romania,ROU,11148
Bulgaria,BGR,Female,FEM,Slovak Republic,SVK,471
Bulgaria,BGR,Female,FEM,Slovenia,SVN,16
Bulgaria,BGR,Female,FEM,Spain,ESP,9614
Bulgaria,BGR,Female,FEM,Sweden,SWE,1812
Bulgaria,BGR,Female,FEM,Malta,MLT,2
Bulgaria,BGR,Male,MAL,Austria,AUT,2538
Bulgaria,BGR,Male,MAL,Belgium,BEL,430
Bulgaria,BGR,Male,MAL,Bulgaria,BGR,0
Bulgaria,BGR,Male,MAL,Croatia,HRV,164
Bulgaria,BGR,Male,MAL,Cyprus,CYP,792
Bulgaria,BGR,Male,MAL,Czech Republic,CZE,2819
Bulgaria,BGR,Male,MAL,Denmark,DNK,303
Bulgaria,BGR,Male,MAL,Estonia,EST,7
Bulgaria,BGR,Male,MAL,Finland,FIN,274
Bulgaria,BGR,Male,MAL,France,FRA,3921
Bulgaria,BGR,Male,MAL,Germany,DEU,9852
Bulgaria,BGR,Male,MAL,Greece,GRC,13324
Bulgaria,BGR,Male,MAL,Hungary,HUN,1575
Bulgaria,BGR,Male,MAL,Ireland,IRL,350
Bulgaria,BGR,Male,MAL,Italy,ITA,3858
Bulgaria,BGR,Male,MAL,Latvia,LVA,25
Bulgaria,BGR,Male,MAL,Lithuania,LTU,26
Bulgaria,BGR,Male,MAL,Luxembourg,LUX,59
Bulgaria,BGR,Male,MAL,Netherlands,NLD,736
Bulgaria,BGR,Male,MAL,Poland,POL,1096
Bulgaria,BGR,Male,MAL,Portugal,PRT,644
Bulgaria,BGR,Male,MAL,Romania,ROU,8638
Bulgaria,BGR,Male,MAL,Slovak Republic,SVK,563
Bulgaria,BGR,Male,MAL,Slovenia,SVN,10
Bulgaria,BGR,Male,MAL,Spain,ESP,12231
Bulgaria,BGR,Male,MAL,Sweden,SWE,1657
Bulgaria,BGR,Male,MAL,Malta,MLT,2
Bulgaria,BGR,Total,TOT,Austria,AUT,5951
Bulgaria,BGR,Total,TOT,Belgium,BEL,1085
Bulgaria,BGR,Total,TOT,Bulgaria,BGR,0
Bulgaria,BGR,Total,TOT,Croatia,HRV,405
Bulgaria,BGR,Total,TOT,Cyprus,CYP,2794
Bulgaria,BGR,Total,TOT,Czech Republic,CZE,4729
Bulgaria,BGR,Total,TOT,Denmark,DNK,696
Bulgaria,BGR,Total,TOT,Estonia,EST,13
Bulgaria,BGR,Total,TOT,Finland,FIN,478
Bulgaria,BGR,Total,TOT,France,FRA,7946
Bulgaria,BGR,Total,TOT,Germany,DEU,20786
Bulgaria,BGR,Total,TOT,Greece,GRC,33726
Bulgaria,BGR,Total,TOT,Hungary,HUN,3573
Bulgaria,BGR,Total,TOT,Ireland,IRL,605
Bulgaria,BGR,Total,TOT,Italy,ITA,10434
Bulgaria,BGR,Total,TOT,Latvia,LVA,43
Bulgaria,BGR,Total,TOT,Lithuania,LTU,33
Bulgaria,BGR,Total,TOT,Luxembourg,LUX,165
Bulgaria,BGR,Total,TOT,Netherlands,NLD,2028
Bulgaria,BGR,Total,TOT,Poland,POL,1914
Bulgaria,BGR,Total,TOT,Portugal,PRT,840
Bulgaria,BGR,Total,TOT,Romania,ROU,19786
Bulgaria,BGR,Total,TOT,Slovak Republic,SVK,1034
Bulgaria,BGR,Total,TOT,Slovenia,SVN,26
Bulgaria,BGR,Total,TOT,Spain,ESP,21845
Bulgaria,BGR,Total,TOT,Sweden,SWE,3469
Bulgaria,BGR,Total,TOT,Malta,MLT,3
Croatia,HRV,Female,FEM,Austria,AUT,44276
Croatia,HRV,Female,FEM,Belgium,BEL,852
Croatia,HRV,Female,FEM,Bulgaria,BGR,46
Croatia,HRV,Female,FEM,Croatia,HRV,0
Croatia,HRV,Female,FEM,Cyprus,CYP,23
Croatia,HRV,Female,FEM,Czech Republic,CZE,790
Croatia,HRV,Female,FEM,Denmark,DNK,435
Croatia,HRV,Female,FEM,Estonia,EST,10
Croatia,HRV,Female,FEM,Finland,FIN,375
Croatia,HRV,Female,FEM,France,FRA,4067
Croatia,HRV,Female,FEM,Germany,DEU,109062
Croatia,HRV,Female,FEM,Greece,GRC,136
Croatia,HRV,Female,FEM,Hungary,HUN,621
Croatia,HRV,Female,FEM,Ireland,IRL,256
Croatia,HRV,Female,FEM,Italy,ITA,16616
Croatia,HRV,Female,FEM,Latvia,LVA,1
Croatia,HRV,Female,FEM,Lithuania,LTU,4
Croatia,HRV,Female,FEM,Luxembourg,LUX,135
Croatia,HRV,Female,FEM,Netherlands,NLD,73
Croatia,HRV,Female,FEM,Poland,POL,569
Croatia,HRV,Female,FEM,Portugal,PRT,17
Croatia,HRV,Female,FEM,Romania,ROU,785
Croatia,HRV,Female,FEM,Slovak Republic,SVK,96
Croatia,HRV,Female,FEM,Slovenia,SVN,24813
Croatia,HRV,Female,FEM,Spain,ESP,415
Croatia,HRV,Female,FEM,Sweden,SWE,2514
Croatia,HRV,Female,FEM,Malta,MLT,2
Croatia,HRV,Male,MAL,Austria,AUT,41271
Croatia,HRV,Male,MAL,Belgium,BEL,836
Croatia,HRV,Male,MAL,Bulgaria,BGR,32
Croatia,HRV,Male,MAL,Croatia,HRV,0
Croatia,HRV,Male,MAL,Cyprus,CYP,17
Croatia,HRV,Male,MAL,Czech Republic,CZE,919
Croatia,HRV,Male,MAL,Denmark,DNK,481
Croatia,HRV,Male,MAL,Estonia,EST,13
Croatia,HRV,Male,MAL,Finland,FIN,460
Croatia,HRV,Male,MAL,France,FRA,3962
Croatia,HRV,Male,MAL,Germany,DEU,115658
Croatia,HRV,Male,MAL,Greece,GRC,78
Croatia,HRV,Male,MAL,Hungary,HUN,659
Croatia,HRV,Male,MAL,Ireland,IRL,290
Croatia,HRV,Male,MAL,Italy,ITA,12593
Croatia,HRV,Male,MAL,Latvia,LVA,3
Croatia,HRV,Male,MAL,Lithuania,LTU,4
Croatia,HRV,Male,MAL,Luxembourg,LUX,152
Croatia,HRV,Male,MAL,Netherlands,NLD,81
Croatia,HRV,Male,MAL,Poland,POL,477
Croatia,HRV,Male,MAL,Portugal,PRT,12
Croatia,HRV,Male,MAL,Romania,ROU,807
Croatia,HRV,Male,MAL,Slovak Republic,SVK,174
Croatia,HRV,Male,MAL,Slovenia,SVN,23796
Croatia,HRV,Male,MAL,Spain,ESP,420
Croatia,HRV,Male,MAL,Sweden,SWE,2657
Croatia,HRV,Male,MAL,Malta,MLT,1
Croatia,HRV,Total,TOT,Austria,AUT,85547
Croatia,HRV,Total,TOT,Belgium,BEL,1688
Croatia,HRV,Total,TOT,Bulgaria,BGR,78
Croatia,HRV,Total,TOT,Croatia,HRV,0
Croatia,HRV,Total,TOT,Cyprus,CYP,39
Croatia,HRV,Total,TOT,Czech Republic,CZE,1709
Croatia,HRV,Total,TOT,Denmark,DNK,917
Croatia,HRV,Total,TOT,Estonia,EST,23
Croatia,HRV,Total,TOT,Finland,FIN,836
Croatia,HRV,Total,TOT,France,FRA,8029
Croatia,HRV,Total,TOT,Germany,DEU,224721
Croatia,HRV,Total,TOT,Greece,GRC,214
Croatia,HRV,Total,TOT,Hungary,HUN,1280
Croatia,HRV,Total,TOT,Ireland,IRL,546
Croatia,HRV,Total,TOT,Italy,ITA,29209
Croatia,HRV,Total,TOT,Latvia,LVA,4
Croatia,HRV,Total,TOT,Lithuania,LTU,9
Croatia,HRV,Total,TOT,Luxembourg,LUX,288
Croatia,HRV,Total,TOT,Netherlands,NLD,154
Croatia,HRV,Total,TOT,Poland,POL,1045
Croatia,HRV,Total,TOT,Portugal,PRT,29
Croatia,HRV,Total,TOT,Romania,ROU,1592
Croatia,HRV,Total,TOT,Slovak Republic,SVK,271
Croatia,HRV,Total,TOT,Slovenia,SVN,48609
Croatia,HRV,Total,TOT,Spain,ESP,835
Croatia,HRV,Total,TOT,Sweden,SWE,5171
Croatia,HRV,Total,TOT,Malta,MLT,3
Cyprus,CYP,Female,FEM,Austria,AUT,55
Cyprus,CYP,Female,FEM,Belgium,BEL,42
Cyprus,CYP,Female,FEM,Bulgaria,BGR,180
Cyprus,CYP,Female,FEM,Croatia,HRV,0
Cyprus,CYP,Female,FEM,Cyprus,CYP,0
Cyprus,CYP,Female,FEM,Czech Republic,CZE,14
Cyprus,CYP,Female,FEM,Denmark,DNK,83
Cyprus,CYP,Female,FEM,Estonia,EST,0
Cyprus,CYP,Female,FEM,Finland,FIN,22
Cyprus,CYP,Female,FEM,France,FRA,14701
Cyprus,CYP,Female,FEM,Germany,DEU,6181
Cyprus,CYP,Female,FEM,Greece,GRC,8793
Cyprus,CYP,Female,FEM,Hungary,HUN,33
Cyprus,CYP,Female,FEM,Ireland,IRL,77
Cyprus,CYP,Female,FEM,Italy,ITA,110
Cyprus,CYP,Female,FEM,Latvia,LVA,1
Cyprus,CYP,Female,FEM,Lithuania,LTU,3
Cyprus,CYP,Female,FEM,Luxembourg,LUX,5
Cyprus,CYP,Female,FEM,Netherlands,NLD,109
Cyprus,CYP,Female,FEM,Poland,POL,15
Cyprus,CYP,Female,FEM,Portugal,PRT,0
Cyprus,CYP,Female,FEM,Romania,ROU,0
Cyprus,CYP,Female,FEM,Slovak Republic,SVK,3
Cyprus,CYP,Female,FEM,Slovenia,SVN,0
Cyprus,CYP,Female,FEM,Spain,ESP,54
Cyprus,CYP,Female,FEM,Sweden,SWE,166
Cyprus,CYP,Female,FEM,Malta,MLT,0
Cyprus,CYP,Male,MAL,Austria,AUT,45
Cyprus,CYP,Male,MAL,Belgium,BEL,37
Cyprus,CYP,Male,MAL,Bulgaria,BGR,205
Cyprus,CYP,Male,MAL,Croatia,HRV,0
Cyprus,CYP,Male,MAL,Cyprus,CYP,0
Cyprus,CYP,Male,MAL,Czech Republic,CZE,40
Cyprus,CYP,Male,MAL,Denmark,DNK,60
Cyprus,CYP,Male,MAL,Estonia,EST,0
Cyprus,CYP,Male,MAL,Finland,FIN,59
Cyprus,CYP,Male,MAL,France,FRA,14323
Cyprus,CYP,Male,MAL,Germany,DEU,5568
Cyprus,CYP,Male,MAL,Greece,GRC,7949
Cyprus,CYP,Male,MAL,Hungary,HUN,27
Cyprus,CYP,Male,MAL,Ireland,IRL,121
Cyprus,CYP,Male,MAL,Italy,ITA,86
Cyprus,CYP,Male,MAL,Latvia,LVA,1
Cyprus,CYP,Male,MAL,Lithuania,LTU,0
Cyprus,CYP,Male,MAL,Luxembourg,LUX,7
Cyprus,CYP,Male,MAL,Netherlands,NLD,157
Cyprus,CYP,Male,MAL,Poland,POL,32
Cyprus,CYP,Male,MAL,Portugal,PRT,0
Cyprus,CYP,Male,MAL,Romania,ROU,0
Cyprus,CYP,Male,MAL,Slovak Republic,SVK,9
Cyprus,CYP,Male,MAL,Slovenia,SVN,0
Cyprus,CYP,Male,MAL,Spain,ESP,63
Cyprus,CYP,Male,MAL,Sweden,SWE,282
Cyprus,CYP,Male,MAL,Malta,MLT,0
Cyprus,CYP,Total,TOT,Austria,AUT,100
Cyprus,CYP,Total,TOT,Belgium,BEL,79
Cyprus,CYP,Total,TOT,Bulgaria,BGR,386
Cyprus,CYP,Total,TOT,Croatia,HRV,0
Cyprus,CYP,Total,TOT,Cyprus,CYP,0
Cyprus,CYP,Total,TOT,Czech Republic,CZE,54
Cyprus,CYP,Total,TOT,Denmark,DNK,143
Cyprus,CYP,Total,TOT,Estonia,EST,0
Cyprus,CYP,Total,TOT,Finland,FIN,81
Cyprus,CYP,Total,TOT,France,FRA,29024
Cyprus,CYP,Total,TOT,Germany,DEU,11750
Cyprus,CYP,Total,TOT,Greece,GRC,16742
Cyprus,CYP,Total,TOT,Hungary,HUN,60
Cyprus,CYP,Total,TOT,Ireland,IRL,198
Cyprus,CYP,Total,TOT,Italy,ITA,196
Cyprus,CYP,Total,TOT,Latvia,LVA,2
Cyprus,CYP,Total,TOT,Lithuania,LTU,3
Cyprus,CYP,Total,TOT,Luxembourg,LUX,12
Cyprus,CYP,Total,TOT,Netherlands,NLD,266
Cyprus,CYP,Total,TOT,Poland,POL,47
Cyprus,CYP,Total,TOT,Portugal,PRT,0
Cyprus,CYP,Total,TOT,Romania,ROU,0
Cyprus,CYP,Total,TOT,Slovak Republic,SVK,12
Cyprus,CYP,Total,TOT,Slovenia,SVN,0
Cyprus,CYP,Total,TOT,Spain,ESP,117
Cyprus,CYP,Total,TOT,Sweden,SWE,448
Cyprus,CYP,Total,TOT,Malta,MLT,0
Czech Republic,CZE,Female,FEM,Austria,AUT,6158
Czech Republic,CZE,Female,FEM,Belgium,BEL,489
Czech Republic,CZE,Female,FEM,Bulgaria,BGR,584
Czech Republic,CZE,Female,FEM,Croatia,HRV,780
Czech Republic,CZE,Female,FEM,Cyprus,CYP,206
Czech Republic,CZE,Female,FEM,Czech Republic,CZE,0
Czech Republic,CZE,Female,FEM,Denmark,DNK,473
Czech Republic,CZE,Female,FEM,Estonia,EST,10
Czech Republic,CZE,Female,FEM,Finland,FIN,158
Czech Republic,CZE,Female,FEM,France,FRA,111822
Czech Republic,CZE,Female,FEM,Germany,DEU,213127
Czech Republic,CZE,Female,FEM,Greece,GRC,409
Czech Republic,CZE,Female,FEM,Hungary,HUN,321
Czech Republic,CZE,Female,FEM,Ireland,IRL,487
Czech Republic,CZE,Female,FEM,Italy,ITA,5008
Czech Republic,CZE,Female,FEM,Latvia,LVA,98
Czech Republic,CZE,Female,FEM,Lithuania,LTU,34
Czech Republic,CZE,Female,FEM,Luxembourg,LUX,156
Czech Republic,CZE,Female,FEM,Netherlands,NLD,3543
Czech Republic,CZE,Female,FEM,Poland,POL,3994
Czech Republic,CZE,Female,FEM,Portugal,PRT,0
Czech Republic,CZE,Female,FEM,Romania,ROU,371
Czech Republic,CZE,Female,FEM,Slovak Republic,SVK,40878
Czech Republic,CZE,Female,FEM,Slovenia,SVN,28
Czech Republic,CZE,Female,FEM,Spain,ESP,961
Czech Republic,CZE,Female,FEM,Sweden,SWE,2391
Czech Republic,CZE,Female,FEM,Malta,MLT,0
Czech Republic,CZE,Male,MAL,Austria,AUT,4158
Czech Republic,CZE,Male,MAL,Belgium,BEL,271
Czech Republic,CZE,Male,MAL,Bulgaria,BGR,290
Czech Republic,CZE,Male,MAL,Croatia,HRV,292
Czech Republic,CZE,Male,MAL,Cyprus,CYP,102
Czech Republic,CZE,Male,MAL,Czech Republic,CZE,0
Czech Republic,CZE,Male,MAL,Denmark,DNK,323
Czech Republic,CZE,Male,MAL,Estonia,EST,13
Czech Republic,CZE,Male,MAL,Finland,FIN,143
Czech Republic,CZE,Male,MAL,France,FRA,108945
Czech Republic,CZE,Male,MAL,Germany,DEU,189239
Czech Republic,CZE,Male,MAL,Greece,GRC,242
Czech Republic,CZE,Male,MAL,Hungary,HUN,182
Czech Republic,CZE,Male,MAL,Ireland,IRL,861
Czech Republic,CZE,Male,MAL,Italy,ITA,685
Czech Republic,CZE,Male,MAL,Latvia,LVA,52
Czech Republic,CZE,Male,MAL,Lithuania,LTU,30
Czech Republic,CZE,Male,MAL,Luxembourg,LUX,103
Czech Republic,CZE,Male,MAL,Netherlands,NLD,1720
Czech Republic,CZE,Male,MAL,Poland,POL,2770
Czech Republic,CZE,Male,MAL,Portugal,PRT,0
Czech Republic,CZE,Male,MAL,Romania,ROU,251
Czech Republic,CZE,Male,MAL,Slovak Republic,SVK,34031
Czech Republic,CZE,Male,MAL,Slovenia,SVN,18
Czech Republic,CZE,Male,MAL,Spain,ESP,565
Czech Republic,CZE,Male,MAL,Sweden,SWE,2039
Czech Republic,CZE,Male,MAL,Malta,MLT,0
Czech Republic,CZE,Total,TOT,Austria,AUT,10316
Czech Republic,CZE,Total,TOT,Belgium,BEL,760
Czech Republic,CZE,Total,TOT,Bulgaria,BGR,874
Czech Republic,CZE,Total,TOT,Croatia,HRV,1072
Czech Republic,CZE,Total,TOT,Cyprus,CYP,307
Czech Republic,CZE,Total,TOT,Czech Republic,CZE,0
Czech Republic,CZE,Total,TOT,Denmark,DNK,796
Czech Republic,CZE,Total,TOT,Estonia,EST,23
Czech Republic,CZE,Total,TOT,Finland,FIN,301
Czech Republic,CZE,Total,TOT,France,FRA,220766
Czech Republic,CZE,Total,TOT,Germany,DEU,402366
Czech Republic,CZE,Total,TOT,Greece,GRC,651
Czech Republic,CZE,Total,TOT,Hungary,HUN,503
Czech Republic,CZE,Total,TOT,Ireland,IRL,1348
Czech Republic,CZE,Total,TOT,Italy,ITA,5693
Czech Republic,CZE,Total,TOT,Latvia,LVA,150
Czech Republic,CZE,Total,TOT,Lithuania,LTU,64
Czech Republic,CZE,Total,TOT,Luxembourg,LUX,259
Czech Republic,CZE,Total,TOT,Netherlands,NLD,5263
Czech Republic,CZE,Total,TOT,Poland,POL,6765
Czech Republic,CZE,Total,TOT,Portugal,PRT,0
Czech Republic,CZE,Total,TOT,Romania,ROU,622
Czech Republic,CZE,Total,TOT,Slovak Republic,SVK,74910
Czech Republic,CZE,Total,TOT,Slovenia,SVN,46
Czech Republic,CZE,Total,TOT,Spain,ESP,1526
Czech Republic,CZE,Total,TOT,Sweden,SWE,4430
Czech Republic,CZE,Total,TOT,Malta,MLT,0
Denmark,DNK,Female,FEM,Austria,AUT,705
Denmark,DNK,Female,FEM,Belgium,BEL,1799
Denmark,DNK,Female,FEM,Bulgaria,BGR,9
Denmark,DNK,Female,FEM,Croatia,HRV,19
Denmark,DNK,Female,FEM,Cyprus,CYP,44
Denmark,DNK,Female,FEM,Czech Republic,CZE,57
Denmark,DNK,Female,FEM,Denmark,DNK,0
Denmark,DNK,Female,FEM,Estonia,EST,17
Denmark,DNK,Female,FEM,Finland,FIN,344
Denmark,DNK,Female,FEM,France,FRA,13654
Denmark,DNK,Female,FEM,Germany,DEU,11979
Denmark,DNK,Female,FEM,Greece,GRC,534
Denmark,DNK,Female,FEM,Hungary,HUN,54
Denmark,DNK,Female,FEM,Ireland,IRL,416
Denmark,DNK,Female,FEM,Italy,ITA,1859
Denmark,DNK,Female,FEM,Latvia,LVA,26
Denmark,DNK,Female,FEM,Lithuania,LTU,26
Denmark,DNK,Female,FEM,Luxembourg,LUX,785
Denmark,DNK,Female,FEM,Netherlands,NLD,1897
Denmark,DNK,Female,FEM,Poland,POL,442
Denmark,DNK,Female,FEM,Portugal,PRT,235
Denmark,DNK,Female,FEM,Romania,ROU,25
Denmark,DNK,Female,FEM,Slovak Republic,SVK,5
Denmark,DNK,Female,FEM,Slovenia,SVN,0
Denmark,DNK,Female,FEM,Spain,ESP,2512
Denmark,DNK,Female,FEM,Sweden,SWE,18197
Denmark,DNK,Female,FEM,Malta,MLT,1
Denmark,DNK,Male,MAL,Austria,AUT,442
Denmark,DNK,Male,MAL,Belgium,BEL,1604
Denmark,DNK,Male,MAL,Bulgaria,BGR,21
Denmark,DNK,Male,MAL,Croatia,HRV,15
Denmark,DNK,Male,MAL,Cyprus,CYP,33
Denmark,DNK,Male,MAL,Czech Republic,CZE,75
Denmark,DNK,Male,MAL,Denmark,DNK,0
Denmark,DNK,Male,MAL,Estonia,EST,35
Denmark,DNK,Male,MAL,Finland,FIN,443
Denmark,DNK,Male,MAL,France,FRA,13303
Denmark,DNK,Male,MAL,Germany,DEU,9467
Denmark,DNK,Male,MAL,Greece,GRC,288
Denmark,DNK,Male,MAL,Hungary,HUN,62
Denmark,DNK,Male,MAL,Ireland,IRL,374
Denmark,DNK,Male,MAL,Italy,ITA,760
Denmark,DNK,Male,MAL,Latvia,LVA,62
Denmark,DNK,Male,MAL,Lithuania,LTU,62
Denmark,DNK,Male,MAL,Luxembourg,LUX,720
Denmark,DNK,Male,MAL,Netherlands,NLD,1217
Denmark,DNK,Male,MAL,Poland,POL,308
Denmark,DNK,Male,MAL,Portugal,PRT,137
Denmark,DNK,Male,MAL,Romania,ROU,32
Denmark,DNK,Male,MAL,Slovak Republic,SVK,9
Denmark,DNK,Male,MAL,Slovenia,SVN,0
Denmark,DNK,Male,MAL,Spain,ESP,2127
Denmark,DNK,Male,MAL,Sweden,SWE,19587
Denmark,DNK,Male,MAL,Malta,MLT,0
Denmark,DNK,Total,TOT,Austria,AUT,1148
Denmark,DNK,Total,TOT,Belgium,BEL,3403
Denmark,DNK,Total,TOT,Bulgaria,BGR,30
Denmark,DNK,Total,TOT,Croatia,HRV,35
Denmark,DNK,Total,TOT,Cyprus,CYP,77
Denmark,DNK,Total,TOT,Czech Republic,CZE,132
Denmark,DNK,Total,TOT,Denmark,DNK,0
Denmark,DNK,Total,TOT,Estonia,EST,52
Denmark,DNK,Total,TOT,Finland,FIN,787
Denmark,DNK,Total,TOT,France,FRA,26958
Denmark,DNK,Total,TOT,Germany,DEU,21446
Denmark,DNK,Total,TOT,Greece,GRC,822
Denmark,DNK,Total,TOT,Hungary,HUN,116
Denmark,DNK,Total,TOT,Ireland,IRL,789
Denmark,DNK,Total,TOT,Italy,ITA,2618
Denmark,DNK,Total,TOT,Latvia,LVA,88
Denmark,DNK,Total,TOT,Lithuania,LTU,88
Denmark,DNK,Total,TOT,Luxembourg,LUX,1505
Denmark,DNK,Total,TOT,Netherlands,NLD,3115
Denmark,DNK,Total,TOT,Poland,POL,749
Denmark,DNK,Total,TOT,Portugal,PRT,371
Denmark,DNK,Total,TOT,Romania,ROU,57
Denmark,DNK,Total,TOT,Slovak Republic,SVK,14
Denmark,DNK,Total,TOT,Slovenia,SVN,0
Denmark,DNK,Total,TOT,Spain,ESP,4639
Denmark,DNK,Total,TOT,Sweden,SWE,37783
Denmark,DNK,Total,TOT,Malta,MLT,2
Estonia,EST,Female,FEM,Austria,AUT,63
Estonia,EST,Female,FEM,Belgium,BEL,128
Estonia,EST,Female,FEM,Bulgaria,BGR,30
Estonia,EST,Female,FEM,Croatia,HRV,38
Estonia,EST,Female,FEM,Cyprus,CYP,9
Estonia,EST,Female,FEM,Czech Republic,CZE,40
Estonia,EST,Female,FEM,Denmark,DNK,422
Estonia,EST,Female,FEM,Estonia,EST,0
Estonia,EST,Female,FEM,Finland,FIN,19322
Estonia,EST,Female,FEM,France,FRA,7448
Estonia,EST,Female,FEM,Germany,DEU,24800
Estonia,EST,Female,FEM,Greece,GRC,33
Estonia,EST,Female,FEM,Hungary,HUN,402
Estonia,EST,Female,FEM,Ireland,IRL,334
Estonia,EST,Female,FEM,Italy,ITA,348
Estonia,EST,Female,FEM,Latvia,LVA,2202
Estonia,EST,Female,FEM,Lithuania,LTU,570
Estonia,EST,Female,FEM,Luxembourg,LUX,22
Estonia,EST,Female,FEM,Netherlands,NLD,132
Estonia,EST,Female,FEM,Poland,POL,221
Estonia,EST,Female,FEM,Portugal,PRT,30
Estonia,EST,Female,FEM,Romania,ROU,22
Estonia,EST,Female,FEM,Slovak Republic,SVK,7
Estonia,EST,Female,FEM,Slovenia,SVN,9
Estonia,EST,Female,FEM,Spain,ESP,93
Estonia,EST,Female,FEM,Sweden,SWE,7872
Estonia,EST,Female,FEM,Malta,MLT,0
Estonia,EST,Male,MAL,Austria,AUT,14
Estonia,EST,Male,MAL,Belgium,BEL,89
Estonia,EST,Male,MAL,Bulgaria,BGR,7
Estonia,EST,Male,MAL,Croatia,HRV,35
Estonia,EST,Male,MAL,Cyprus,CYP,5
Estonia,EST,Male,MAL,Czech Republic,CZE,21
Estonia,EST,Male,MAL,Denmark,DNK,176
Estonia,EST,Male,MAL,Estonia,EST,0
Estonia,EST,Male,MAL,Finland,FIN,12274
Estonia,EST,Male,MAL,France,FRA,7257
Estonia,EST,Male,MAL,Germany,DEU,18093
Estonia,EST,Male,MAL,Greece,GRC,19
Estonia,EST,Male,MAL,Hungary,HUN,320
Estonia,EST,Male,MAL,Ireland,IRL,307
Estonia,EST,Male,MAL,Italy,ITA,45
Estonia,EST,Male,MAL,Latvia,LVA,1813
Estonia,EST,Male,MAL,Lithuania,LTU,543
Estonia,EST,Male,MAL,Luxembourg,LUX,6
Estonia,EST,Male,MAL,Netherlands,NLD,47
Estonia,EST,Male,MAL,Poland,POL,142
Estonia,EST,Male,MAL,Portugal,PRT,35
Estonia,EST,Male,MAL,Romania,ROU,37
Estonia,EST,Male,MAL,Slovak Republic,SVK,2
Estonia,EST,Male,MAL,Slovenia,SVN,6
Estonia,EST,Male,MAL,Spain,ESP,73
Estonia,EST,Male,MAL,Sweden,SWE,5613
Estonia,EST,Male,MAL,Malta,MLT,0
Estonia,EST,Total,TOT,Austria,AUT,77
Estonia,EST,Total,TOT,Belgium,BEL,218
Estonia,EST,Total,TOT,Bulgaria,BGR,37
Estonia,EST,Total,TOT,Croatia,HRV,74
Estonia,EST,Total,TOT,Cyprus,CYP,14
Estonia,EST,Total,TOT,Czech Republic,CZE,62
Estonia,EST,Total,TOT,Denmark,DNK,597
Estonia,EST,Total,TOT,Estonia,EST,0
Estonia,EST,Total,TOT,Finland,FIN,31597
Estonia,EST,Total,TOT,France,FRA,14705
Estonia,EST,Total,TOT,Germany,DEU,42892
Estonia,EST,Total,TOT,Greece,GRC,52
Estonia,EST,Total,TOT,Hungary,HUN,723
Estonia,EST,Total,TOT,Ireland,IRL,640
Estonia,EST,Total,TOT,Italy,ITA,393
Estonia,EST,Total,TOT,Latvia,LVA,4015
Estonia,EST,Total,TOT,Lithuania,LTU,1113
Estonia,EST,Total,TOT,Luxembourg,LUX,28
Estonia,EST,Total,TOT,Netherlands,NLD,179
Estonia,EST,Total,TOT,Poland,POL,363
Estonia,EST,Total,TOT,Portugal,PRT,65
Estonia,EST,Total,TOT,Romania,ROU,58
Estonia,EST,Total,TOT,Slovak Republic,SVK,9
Estonia,EST,Total,TOT,Slovenia,SVN,15
Estonia,EST,Total,TOT,Spain,ESP,166
Estonia,EST,Total,TOT,Sweden,SWE,13485
Estonia,EST,Total,TOT,Malta,MLT,0
Finland,FIN,Female,FEM,Austria,AUT,1008
Finland,FIN,Female,FEM,Belgium,BEL,1784
Finland,FIN,Female,FEM,Bulgaria,BGR,14
Finland,FIN,Female,FEM,Croatia,HRV,20
Finland,FIN,Female,FEM,Cyprus,CYP,171
Finland,FIN,Female,FEM,Czech Republic,CZE,189
Finland,FIN,Female,FEM,Denmark,DNK,2384
Finland,FIN,Female,FEM,Estonia,EST,637
Finland,FIN,Female,FEM,Finland,FIN,0
Finland,FIN,Female,FEM,France,FRA,40058
Finland,FIN,Female,FEM,Germany,DEU,11423
Finland,FIN,Female,FEM,Greece,GRC,555
Finland,FIN,Female,FEM,Hungary,HUN,186
Finland,FIN,Female,FEM,Ireland,IRL,565
Finland,FIN,Female,FEM,Italy,ITA,1889
Finland,FIN,Female,FEM,Latvia,LVA,59
Finland,FIN,Female,FEM,Lithuania,LTU,28
Finland,FIN,Female,FEM,Luxembourg,LUX,417
Finland,FIN,Female,FEM,Netherlands,NLD,1625
Finland,FIN,Female,FEM,Poland,POL,115
Finland,FIN,Female,FEM,Portugal,PRT,156
Finland,FIN,Female,FEM,Romania,ROU,66
Finland,FIN,Female,FEM,Slovak Republic,SVK,5
Finland,FIN,Female,FEM,Slovenia,SVN,0
Finland,FIN,Female,FEM,Spain,ESP,2526
Finland,FIN,Female,FEM,Sweden,SWE,112665
Finland,FIN,Female,FEM,Malta,MLT,4
Finland,FIN,Male,MAL,Austria,AUT,426
Finland,FIN,Male,MAL,Belgium,BEL,1149
Finland,FIN,Male,MAL,Bulgaria,BGR,18
Finland,FIN,Male,MAL,Croatia,HRV,11
Finland,FIN,Male,MAL,Cyprus,CYP,54
Finland,FIN,Male,MAL,Czech Republic,CZE,146
Finland,FIN,Male,MAL,Denmark,DNK,1182
Finland,FIN,Male,MAL,Estonia,EST,744
Finland,FIN,Male,MAL,Finland,FIN,0
Finland,FIN,Male,MAL,France,FRA,39028
Finland,FIN,Male,MAL,Germany,DEU,5510
Finland,FIN,Male,MAL,Greece,GRC,146
Finland,FIN,Male,MAL,Hungary,HUN,161
Finland,FIN,Male,MAL,Ireland,IRL,227
Finland,FIN,Male,MAL,Italy,ITA,328
Finland,FIN,Male,MAL,Latvia,LVA,71
Finland,FIN,Male,MAL,Lithuania,LTU,37
Finland,FIN,Male,MAL,Luxembourg,LUX,278
Finland,FIN,Male,MAL,Netherlands,NLD,677
Finland,FIN,Male,MAL,Poland,POL,93
Finland,FIN,Male,MAL,Portugal,PRT,215
Finland,FIN,Male,MAL,Romania,ROU,37
Finland,FIN,Male,MAL,Slovak Republic,SVK,6
Finland,FIN,Male,MAL,Slovenia,SVN,0
Finland,FIN,Male,MAL,Spain,ESP,1814
Finland,FIN,Male,MAL,Sweden,SWE,80698
Finland,FIN,Male,MAL,Malta,MLT,3
Finland,FIN,Total,TOT,Austria,AUT,1434
Finland,FIN,Total,TOT,Belgium,BEL,2933
Finland,FIN,Total,TOT,Bulgaria,BGR,32
Finland,FIN,Total,TOT,Croatia,HRV,30
Finland,FIN,Total,TOT,Cyprus,CYP,225
Finland,FIN,Total,TOT,Czech Republic,CZE,335
Finland,FIN,Total,TOT,Denmark,DNK,3566
Finland,FIN,Total,TOT,Estonia,EST,1381
Finland,FIN,Total,TOT,Finland,FIN,0
Finland,FIN,Total,TOT,France,FRA,79086
Finland,FIN,Total,TOT,Germany,DEU,16932
Finland,FIN,Total,TOT,Greece,GRC,701
Finland,FIN,Total,TOT,Hungary,HUN,347
Finland,FIN,Total,TOT,Ireland,IRL,791
Finland,FIN,Total,TOT,Italy,ITA,2217
Finland,FIN,Total,TOT,Latvia,LVA,130
Finland,FIN,Total,TOT,Lithuania,LTU,65
Finland,FIN,Total,TOT,Luxembourg,LUX,695
Finland,FIN,Total,TOT,Netherlands,NLD,2302
Finland,FIN,Total,TOT,Poland,POL,208
Finland,FIN,Total,TOT,Portugal,PRT,371
Finland,FIN,Total,TOT,Romania,ROU,103
Finland,FIN,Total,TOT,Slovak Republic,SVK,11
Finland,FIN,Total,TOT,Slovenia,SVN,1
Finland,FIN,Total,TOT,Spain,ESP,4340
Finland,FIN,Total,TOT,Sweden,SWE,193364
Finland,FIN,Total,TOT,Malta,MLT,6
France,FRA,Female,FEM,Austria,AUT,3545
France,FRA,Female,FEM,Belgium,BEL,58677
France,FRA,Female,FEM,Bulgaria,BGR,169
France,FRA,Female,FEM,Croatia,HRV,380
France,FRA,Female,FEM,Cyprus,CYP,254
France,FRA,Female,FEM,Czech Republic,CZE,2032
France,FRA,Female,FEM,Denmark,DNK,1810
France,FRA,Female,FEM,Estonia,EST,48
France,FRA,Female,FEM,Finland,FIN,426
France,FRA,Female,FEM,France,FRA,0
France,FRA,Female,FEM,Germany,DEU,59776
France,FRA,Female,FEM,Greece,GRC,3014
France,FRA,Female,FEM,Hungary,HUN,649
France,FRA,Female,FEM,Ireland,IRL,4124
France,FRA,Female,FEM,Italy,ITA,32590
France,FRA,Female,FEM,Latvia,LVA,59
France,FRA,Female,FEM,Lithuania,LTU,114
France,FRA,Female,FEM,Luxembourg,LUX,9871
France,FRA,Female,FEM,Netherlands,NLD,10138
France,FRA,Female,FEM,Poland,POL,20482
France,FRA,Female,FEM,Portugal,PRT,49395
France,FRA,Female,FEM,Romania,ROU,421
France,FRA,Female,FEM,Slovak Republic,SVK,792
France,FRA,Female,FEM,Slovenia,SVN,614
France,FRA,Female,FEM,Spain,ESP,68285
France,FRA,Female,FEM,Sweden,SWE,2306
France,FRA,Female,FEM,Malta,MLT,31
France,FRA,Male,MAL,Austria,AUT,2203
France,FRA,Male,MAL,Belgium,BEL,54865
France,FRA,Male,MAL,Bulgaria,BGR,185
France,FRA,Male,MAL,Croatia,HRV,287
France,FRA,Male,MAL,Cyprus,CYP,164
France,FRA,Male,MAL,Czech Republic,CZE,1618
France,FRA,Male,MAL,Denmark,DNK,2289
France,FRA,Male,MAL,Estonia,EST,41
France,FRA,Male,MAL,Finland,FIN,660
France,FRA,Male,MAL,France,FRA,0
France,FRA,Male,MAL,Germany,DEU,52396
France,FRA,Male,MAL,Greece,GRC,2053
France,FRA,Male,MAL,Hungary,HUN,590
France,FRA,Male,MAL,Ireland,IRL,3746
France,FRA,Male,MAL,Italy,ITA,14040
France,FRA,Male,MAL,Latvia,LVA,61
France,FRA,Male,MAL,Lithuania,LTU,81
France,FRA,Male,MAL,Luxembourg,LUX,8862
France,FRA,Male,MAL,Netherlands,NLD,8136
France,FRA,Male,MAL,Poland,POL,16454
France,FRA,Male,MAL,Portugal,PRT,44171
France,FRA,Male,MAL,Romania,ROU,607
France,FRA,Male,MAL,Slovak Republic,SVK,589
France,FRA,Male,MAL,Slovenia,SVN,495
France,FRA,Male,MAL,Spain,ESP,58150
France,FRA,Male,MAL,Sweden,SWE,3235
France,FRA,Male,MAL,Malta,MLT,32
France,FRA,Total,TOT,Austria,AUT,5748
France,FRA,Total,TOT,Belgium,BEL,113542
France,FRA,Total,TOT,Bulgaria,BGR,354
France,FRA,Total,TOT,Croatia,HRV,667
France,FRA,Total,TOT,Cyprus,CYP,418
France,FRA,Total,TOT,Czech Republic,CZE,3650
France,FRA,Total,TOT,Denmark,DNK,4099
France,FRA,Total,TOT,Estonia,EST,89
France,FRA,Total,TOT,Finland,FIN,1086
France,FRA,Total,TOT,France,FRA,0
France,FRA,Total,TOT,Germany,DEU,112171
France,FRA,Total,TOT,Greece,GRC,5066
France,FRA,Total,TOT,Hungary,HUN,1239
France,FRA,Total,TOT,Ireland,IRL,7870
France,FRA,Total,TOT,Italy,ITA,46629
France,FRA,Total,TOT,Latvia,LVA,120
France,FRA,Total,TOT,Lithuania,LTU,196
France,FRA,Total,TOT,Luxembourg,LUX,18733
France,FRA,Total,TOT,Netherlands,NLD,18274
France,FRA,Total,TOT,Poland,POL,36937
France,FRA,Total,TOT,Portugal,PRT,93565
France,FRA,Total,TOT,Romania,ROU,1028
France,FRA,Total,TOT,Slovak Republic,SVK,1381
France,FRA,Total,TOT,Slovenia,SVN,1109
France,FRA,Total,TOT,Spain,ESP,126435
France,FRA,Total,TOT,Sweden,SWE,5541
France,FRA,Total,TOT,Malta,MLT,63
Germany,DEU,Female,FEM,Austria,AUT,57529
Germany,DEU,Female,FEM,Belgium,BEL,17577
Germany,DEU,Female,FEM,Bulgaria,BGR,803
Germany,DEU,Female,FEM,Croatia,HRV,5151
Germany,DEU,Female,FEM,Cyprus,CYP,686
Germany,DEU,Female,FEM,Czech Republic,CZE,5501
Germany,DEU,Female,FEM,Denmark,DNK,14051
Germany,DEU,Female,FEM,Estonia,EST,484
Germany,DEU,Female,FEM,Finland,FIN,1481
Germany,DEU,Female,FEM,France,FRA,131715
Germany,DEU,Female,FEM,Germany,DEU,0
Germany,DEU,Female,FEM,Greece,GRC,6792
Germany,DEU,Female,FEM,Hungary,HUN,9293
Germany,DEU,Female,FEM,Ireland,IRL,5442
Germany,DEU,Female,FEM,Italy,ITA,37833
Germany,DEU,Female,FEM,Latvia,LVA,1364
Germany,DEU,Female,FEM,Lithuania,LTU,808
Germany,DEU,Female,FEM,Luxembourg,LUX,7624
Germany,DEU,Female,FEM,Netherlands,NLD,69039
Germany,DEU,Female,FEM,Poland,POL,62114
Germany,DEU,Female,FEM,Portugal,PRT,13747
Germany,DEU,Female,FEM,Romania,ROU,1178
Germany,DEU,Female,FEM,Slovak Republic,SVK,376
Germany,DEU,Female,FEM,Slovenia,SVN,2799
Germany,DEU,Female,FEM,Spain,ESP,56978
Germany,DEU,Female,FEM,Sweden,SWE,20948
Germany,DEU,Female,FEM,Malta,MLT,138
Germany,DEU,Male,MAL,Austria,AUT,44354
Germany,DEU,Male,MAL,Belgium,BEL,18348
Germany,DEU,Male,MAL,Bulgaria,BGR,723
Germany,DEU,Male,MAL,Croatia,HRV,3630
Germany,DEU,Male,MAL,Cyprus,CYP,501
Germany,DEU,Male,MAL,Czech Republic,CZE,4230
Germany,DEU,Male,MAL,Denmark,DNK,12515
Germany,DEU,Male,MAL,Estonia,EST,494
Germany,DEU,Male,MAL,Finland,FIN,2205
Germany,DEU,Male,MAL,France,FRA,128326
Germany,DEU,Male,MAL,Germany,DEU,0
Germany,DEU,Male,MAL,Greece,GRC,4557
Germany,DEU,Male,MAL,Hungary,HUN,7440
Germany,DEU,Male,MAL,Ireland,IRL,4684
Germany,DEU,Male,MAL,Italy,ITA,17987
Germany,DEU,Male,MAL,Latvia,LVA,1247
Germany,DEU,Male,MAL,Lithuania,LTU,813
Germany,DEU,Male,MAL,Luxembourg,LUX,5232
Germany,DEU,Male,MAL,Netherlands,NLD,46535
Germany,DEU,Male,MAL,Poland,POL,46061
Germany,DEU,Male,MAL,Portugal,PRT,12467
Germany,DEU,Male,MAL,Romania,ROU,1290
Germany,DEU,Male,MAL,Slovak Republic,SVK,353
Germany,DEU,Male,MAL,Slovenia,SVN,2703
Germany,DEU,Male,MAL,Spain,ESP,52476
Germany,DEU,Male,MAL,Sweden,SWE,16799
Germany,DEU,Male,MAL,Malta,MLT,103
Germany,DEU,Total,TOT,Austria,AUT,101883
Germany,DEU,Total,TOT,Belgium,BEL,35924
Germany,DEU,Total,TOT,Bulgaria,BGR,1526
Germany,DEU,Total,TOT,Croatia,HRV,8781
Germany,DEU,Total,TOT,Cyprus,CYP,1187
Germany,DEU,Total,TOT,Czech Republic,CZE,9732
Germany,DEU,Total,TOT,Denmark,DNK,26565
Germany,DEU,Total,TOT,Estonia,EST,978
Germany,DEU,Total,TOT,Finland,FIN,3687
Germany,DEU,Total,TOT,France,FRA,260042
Germany,DEU,Total,TOT,Germany,DEU,0
Germany,DEU,Total,TOT,Greece,GRC,11349
Germany,DEU,Total,TOT,Hungary,HUN,16733
Germany,DEU,Total,TOT,Ireland,IRL,10126
Germany,DEU,Total,TOT,Italy,ITA,55821
Germany,DEU,Total,TOT,Latvia,LVA,2611
Germany,DEU,Total,TOT,Lithuania,LTU,1622
Germany,DEU,Total,TOT,Luxembourg,LUX,12856
Germany,DEU,Total,TOT,Netherlands,NLD,115574
Germany,DEU,Total,TOT,Poland,POL,108175
Germany,DEU,Total,TOT,Portugal,PRT,26214
Germany,DEU,Total,TOT,Romania,ROU,2468
Germany,DEU,Total,TOT,Slovak Republic,SVK,728
Germany,DEU,Total,TOT,Slovenia,SVN,5502
Germany,DEU,Total,TOT,Spain,ESP,109454
Germany,DEU,Total,TOT,Sweden,SWE,37748
Germany,DEU,Total,TOT,Malta,MLT,240
Greece,GRC,Female,FEM,Austria,AUT,974
Greece,GRC,Female,FEM,Belgium,BEL,8732
Greece,GRC,Female,FEM,Bulgaria,BGR,3173
Greece,GRC,Female,FEM,Croatia,HRV,144
Greece,GRC,Female,FEM,Cyprus,CYP,4855
Greece,GRC,Female,FEM,Czech Republic,CZE,904
Greece,GRC,Female,FEM,Denmark,DNK,302
Greece,GRC,Female,FEM,Estonia,EST,5
Greece,GRC,Female,FEM,Finland,FIN,75
Greece,GRC,Female,FEM,France,FRA,9166
Greece,GRC,Female,FEM,Germany,DEU,165559
Greece,GRC,Female,FEM,Greece,GRC,0
Greece,GRC,Female,FEM,Hungary,HUN,1178
Greece,GRC,Female,FEM,Ireland,IRL,152
Greece,GRC,Female,FEM,Italy,ITA,5137
Greece,GRC,Female,FEM,Latvia,LVA,4
Greece,GRC,Female,FEM,Lithuania,LTU,6
Greece,GRC,Female,FEM,Luxembourg,LUX,428
Greece,GRC,Female,FEM,Netherlands,NLD,2545
Greece,GRC,Female,FEM,Poland,POL,1294
Greece,GRC,Female,FEM,Portugal,PRT,0
Greece,GRC,Female,FEM,Romania,ROU,2088
Greece,GRC,Female,FEM,Slovak Republic,SVK,14
Greece,GRC,Female,FEM,Slovenia,SVN,13
Greece,GRC,Female,FEM,Spain,ESP,361
Greece,GRC,Female,FEM,Sweden,SWE,4313
Greece,GRC,Female,FEM,Malta,MLT,203
Greece,GRC,Male,MAL,Austria,AUT,1681
Greece,GRC,Male,MAL,Belgium,BEL,9927
Greece,GRC,Male,MAL,Bulgaria,BGR,3917
Greece,GRC,Male,MAL,Croatia,HRV,123
Greece,GRC,Male,MAL,Cyprus,CYP,6002
Greece,GRC,Male,MAL,Czech Republic,CZE,918
Greece,GRC,Male,MAL,Denmark,DNK,738
Greece,GRC,Male,MAL,Estonia,EST,6
Greece,GRC,Male,MAL,Finland,FIN,375
Greece,GRC,Male,MAL,France,FRA,8930
Greece,GRC,Male,MAL,Germany,DEU,201994
Greece,GRC,Male,MAL,Greece,GRC,0
Greece,GRC,Male,MAL,Hungary,HUN,991
Greece,GRC,Male,MAL,Ireland,IRL,201
Greece,GRC,Male,MAL,Italy,ITA,4932
Greece,GRC,Male,MAL,Latvia,LVA,4
Greece,GRC,Male,MAL,Lithuania,LTU,7
Greece,GRC,Male,MAL,Luxembourg,LUX,429
Greece,GRC,Male,MAL,Netherlands,NLD,4728
Greece,GRC,Male,MAL,Poland,POL,1763
Greece,GRC,Male,MAL,Portugal,PRT,0
Greece,GRC,Male,MAL,Romania,ROU,2342
Greece,GRC,Male,MAL,Slovak Republic,SVK,12
Greece,GRC,Male,MAL,Slovenia,SVN,9
Greece,GRC,Male,MAL,Spain,ESP,553
Greece,GRC,Male,MAL,Sweden,SWE,6422
Greece,GRC,Male,MAL,Malta,MLT,145
Greece,GRC,Total,TOT,Austria,AUT,2655
Greece,GRC,Total,TOT,Belgium,BEL,18659
Greece,GRC,Total,TOT,Bulgaria,BGR,7091
Greece,GRC,Total,TOT,Croatia,HRV,266
Greece,GRC,Total,TOT,Cyprus,CYP,10857
Greece,GRC,Total,TOT,Czech Republic,CZE,1822
Greece,GRC,Total,TOT,Denmark,DNK,1039
Greece,GRC,Total,TOT,Estonia,EST,11
Greece,GRC,Total,TOT,Finland,FIN,450
Greece,GRC,Total,TOT,France,FRA,18096
Greece,GRC,Total,TOT,Germany,DEU,367554
Greece,GRC,Total,TOT,Greece,GRC,0
Greece,GRC,Total,TOT,Hungary,HUN,2169
Greece,GRC,Total,TOT,Ireland,IRL,353
Greece,GRC,Total,TOT,Italy,ITA,10069
Greece,GRC,Total,TOT,Latvia,LVA,8
Greece,GRC,Total,TOT,Lithuania,LTU,12
Greece,GRC,Total,TOT,Luxembourg,LUX,857
Greece,GRC,Total,TOT,Netherlands,NLD,7273
Greece,GRC,Total,TOT,Poland,POL,3057
Greece,GRC,Total,TOT,Portugal,PRT,0
Greece,GRC,Total,TOT,Romania,ROU,4430
Greece,GRC,Total,TOT,Slovak Republic,SVK,26
Greece,GRC,Total,TOT,Slovenia,SVN,22
Greece,GRC,Total,TOT,Spain,ESP,913
Greece,GRC,Total,TOT,Sweden,SWE,10735
Greece,GRC,Total,TOT,Malta,MLT,348
Hungary,HUN,Female,FEM,Austria,AUT,9388
Hungary,HUN,Female,FEM,Belgium,BEL,771
Hungary,HUN,Female,FEM,Bulgaria,BGR,224
Hungary,HUN,Female,FEM,Croatia,HRV,827
Hungary,HUN,Female,FEM,Cyprus,CYP,98
Hungary,HUN,Female,FEM,Czech Republic,CZE,3500
Hungary,HUN,Female,FEM,Denmark,DNK,735
Hungary,HUN,Female,FEM,Estonia,EST,37
Hungary,HUN,Female,FEM,Finland,FIN,378
Hungary,HUN,Female,FEM,France,FRA,19063
Hungary,HUN,Female,FEM,Germany,DEU,37402
Hungary,HUN,Female,FEM,Greece,GRC,342
Hungary,HUN,Female,FEM,Hungary,HUN,0
Hungary,HUN,Female,FEM,Ireland,IRL,240
Hungary,HUN,Female,FEM,Italy,ITA,4293
Hungary,HUN,Female,FEM,Latvia,LVA,141
Hungary,HUN,Female,FEM,Lithuania,LTU,62
Hungary,HUN,Female,FEM,Luxembourg,LUX,171
Hungary,HUN,Female,FEM,Netherlands,NLD,3038
Hungary,HUN,Female,FEM,Poland,POL,881
Hungary,HUN,Female,FEM,Portugal,PRT,0
Hungary,HUN,Female,FEM,Romania,ROU,3548
Hungary,HUN,Female,FEM,Slovak Republic,SVK,10471
Hungary,HUN,Female,FEM,Slovenia,SVN,14
Hungary,HUN,Female,FEM,Spain,ESP,719
Hungary,HUN,Female,FEM,Sweden,SWE,6855
Hungary,HUN,Female,FEM,Malta,MLT,91
Hungary,HUN,Male,MAL,Austria,AUT,8567
Hungary,HUN,Male,MAL,Belgium,BEL,523
Hungary,HUN,Male,MAL,Bulgaria,BGR,141
Hungary,HUN,Male,MAL,Croatia,HRV,328
Hungary,HUN,Male,MAL,Cyprus,CYP,59
Hungary,HUN,Male,MAL,Czech Republic,CZE,2755
Hungary,HUN,Male,MAL,Denmark,DNK,815
Hungary,HUN,Male,MAL,Estonia,EST,40
Hungary,HUN,Male,MAL,Finland,FIN,470
Hungary,HUN,Male,MAL,France,FRA,18572
Hungary,HUN,Male,MAL,Germany,DEU,34428
Hungary,HUN,Male,MAL,Greece,GRC,176
Hungary,HUN,Male,MAL,Hungary,HUN,0
Hungary,HUN,Male,MAL,Ireland,IRL,243
Hungary,HUN,Male,MAL,Italy,ITA,775
Hungary,HUN,Male,MAL,Latvia,LVA,126
Hungary,HUN,Male,MAL,Lithuania,LTU,58
Hungary,HUN,Male,MAL,Luxembourg,LUX,120
Hungary,HUN,Male,MAL,Netherlands,NLD,2193
Hungary,HUN,Male,MAL,Poland,POL,642
Hungary,HUN,Male,MAL,Portugal,PRT,0
Hungary,HUN,Male,MAL,Romania,ROU,2209
Hungary,HUN,Male,MAL,Slovak Republic,SVK,6668
Hungary,HUN,Male,MAL,Slovenia,SVN,9
Hungary,HUN,Male,MAL,Spain,ESP,459
Hungary,HUN,Male,MAL,Sweden,SWE,7120
Hungary,HUN,Male,MAL,Malta,MLT,85
Hungary,HUN,Total,TOT,Austria,AUT,17955
Hungary,HUN,Total,TOT,Belgium,BEL,1294
Hungary,HUN,Total,TOT,Bulgaria,BGR,365
Hungary,HUN,Total,TOT,Croatia,HRV,1154
Hungary,HUN,Total,TOT,Cyprus,CYP,156
Hungary,HUN,Total,TOT,Czech Republic,CZE,6254
Hungary,HUN,Total,TOT,Denmark,DNK,1550
Hungary,HUN,Total,TOT,Estonia,EST,77
Hungary,HUN,Total,TOT,Finland,FIN,849
Hungary,HUN,Total,TOT,France,FRA,37635
Hungary,HUN,Total,TOT,Germany,DEU,71830
Hungary,HUN,Total,TOT,Greece,GRC,518
Hungary,HUN,Total,TOT,Hungary,HUN,0
Hungary,HUN,Total,TOT,Ireland,IRL,483
Hungary,HUN,Total,TOT,Italy,ITA,5068
Hungary,HUN,Total,TOT,Latvia,LVA,267
Hungary,HUN,Total,TOT,Lithuania,LTU,119
Hungary,HUN,Total,TOT,Luxembourg,LUX,291
Hungary,HUN,Total,TOT,Netherlands,NLD,5231
Hungary,HUN,Total,TOT,Poland,POL,1523
Hungary,HUN,Total,TOT,Portugal,PRT,0
Hungary,HUN,Total,TOT,Romania,ROU,5757
Hungary,HUN,Total,TOT,Slovak Republic,SVK,17138
Hungary,HUN,Total,TOT,Slovenia,SVN,23
Hungary,HUN,Total,TOT,Spain,ESP,1178
Hungary,HUN,Total,TOT,Sweden,SWE,13975
Hungary,HUN,Total,TOT,Malta,MLT,176
Ireland,IRL,Female,FEM,Austria,AUT,399
Ireland,IRL,Female,FEM,Belgium,BEL,1919
Ireland,IRL,Female,FEM,Bulgaria,BGR,7
Ireland,IRL,Female,FEM,Croatia,HRV,10
Ireland,IRL,Female,FEM,Cyprus,CYP,240
Ireland,IRL,Female,FEM,Czech Republic,CZE,25
Ireland,IRL,Female,FEM,Denmark,DNK,424
Ireland,IRL,Female,FEM,Estonia,EST,0
Ireland,IRL,Female,FEM,Finland,FIN,77
Ireland,IRL,Female,FEM,France,FRA,91699
Ireland,IRL,Female,FEM,Germany,DEU,7314
Ireland,IRL,Female,FEM,Greece,GRC,288
Ireland,IRL,Female,FEM,Hungary,HUN,58
Ireland,IRL,Female,FEM,Ireland,IRL,0
Ireland,IRL,Female,FEM,Italy,ITA,1509
Ireland,IRL,Female,FEM,Latvia,LVA,3
Ireland,IRL,Female,FEM,Lithuania,LTU,9
Ireland,IRL,Female,FEM,Luxembourg,LUX,342
Ireland,IRL,Female,FEM,Netherlands,NLD,2287
Ireland,IRL,Female,FEM,Poland,POL,26
Ireland,IRL,Female,FEM,Portugal,PRT,352
Ireland,IRL,Female,FEM,Romania,ROU,30
Ireland,IRL,Female,FEM,Slovak Republic,SVK,0
Ireland,IRL,Female,FEM,Slovenia,SVN,0
Ireland,IRL,Female,FEM,Spain,ESP,1854
Ireland,IRL,Female,FEM,Sweden,SWE,428
Ireland,IRL,Female,FEM,Malta,MLT,1
Ireland,IRL,Male,MAL,Austria,AUT,322
Ireland,IRL,Male,MAL,Belgium,BEL,1567
Ireland,IRL,Male,MAL,Bulgaria,BGR,11
Ireland,IRL,Male,MAL,Croatia,HRV,11
Ireland,IRL,Male,MAL,Cyprus,CYP,112
Ireland,IRL,Male,MAL,Czech Republic,CZE,42
Ireland,IRL,Male,MAL,Denmark,DNK,672
Ireland,IRL,Male,MAL,Estonia,EST,0
Ireland,IRL,Male,MAL,Finland,FIN,166
Ireland,IRL,Male,MAL,France,FRA,89340
Ireland,IRL,Male,MAL,Germany,DEU,8491
Ireland,IRL,Male,MAL,Greece,GRC,166
Ireland,IRL,Male,MAL,Hungary,HUN,37
Ireland,IRL,Male,MAL,Ireland,IRL,0
Ireland,IRL,Male,MAL,Italy,ITA,805
Ireland,IRL,Male,MAL,Latvia,LVA,4
Ireland,IRL,Male,MAL,Lithuania,LTU,7
Ireland,IRL,Male,MAL,Luxembourg,LUX,294
Ireland,IRL,Male,MAL,Netherlands,NLD,2016
Ireland,IRL,Male,MAL,Poland,POL,59
Ireland,IRL,Male,MAL,Portugal,PRT,312
Ireland,IRL,Male,MAL,Romania,ROU,45
Ireland,IRL,Male,MAL,Slovak Republic,SVK,0
Ireland,IRL,Male,MAL,Slovenia,SVN,0
Ireland,IRL,Male,MAL,Spain,ESP,1650
Ireland,IRL,Male,MAL,Sweden,SWE,668
Ireland,IRL,Male,MAL,Malta,MLT,0
Ireland,IRL,Total,TOT,Austria,AUT,722
Ireland,IRL,Total,TOT,Belgium,BEL,3486
Ireland,IRL,Total,TOT,Bulgaria,BGR,18
Ireland,IRL,Total,TOT,Croatia,HRV,21
Ireland,IRL,Total,TOT,Cyprus,CYP,352
Ireland,IRL,Total,TOT,Czech Republic,CZE,68
Ireland,IRL,Total,TOT,Denmark,DNK,1096
Ireland,IRL,Total,TOT,Estonia,EST,1
Ireland,IRL,Total,TOT,Finland,FIN,243
Ireland,IRL,Total,TOT,France,FRA,181039
Ireland,IRL,Total,TOT,Germany,DEU,15805
Ireland,IRL,Total,TOT,Greece,GRC,454
Ireland,IRL,Total,TOT,Hungary,HUN,95
Ireland,IRL,Total,TOT,Ireland,IRL,0
Ireland,IRL,Total,TOT,Italy,ITA,2315
Ireland,IRL,Total,TOT,Latvia,LVA,7
Ireland,IRL,Total,TOT,Lithuania,LTU,16
Ireland,IRL,Total,TOT,Luxembourg,LUX,636
Ireland,IRL,Total,TOT,Netherlands,NLD,4303
Ireland,IRL,Total,TOT,Poland,POL,85
Ireland,IRL,Total,TOT,Portugal,PRT,664
Ireland,IRL,Total,TOT,Romania,ROU,75
Ireland,IRL,Total,TOT,Slovak Republic,SVK,2
Ireland,IRL,Total,TOT,Slovenia,SVN,0
Ireland,IRL,Total,TOT,Spain,ESP,3504
Ireland,IRL,Total,TOT,Sweden,SWE,1097
Ireland,IRL,Total,TOT,Malta,MLT,2
Italy,ITA,Female,FEM,Austria,AUT,6545
Italy,ITA,Female,FEM,Belgium,BEL,91361
Italy,ITA,Female,FEM,Bulgaria,BGR,155
Italy,ITA,Female,FEM,Croatia,HRV,959
Italy,ITA,Female,FEM,Cyprus,CYP,114
Italy,ITA,Female,FEM,Czech Republic,CZE,370
Italy,ITA,Female,FEM,Denmark,DNK,1012
Italy,ITA,Female,FEM,Estonia,EST,3
Italy,ITA,Female,FEM,Finland,FIN,265
Italy,ITA,Female,FEM,France,FRA,120016
Italy,ITA,Female,FEM,Germany,DEU,254654
Italy,ITA,Female,FEM,Greece,GRC,2966
Italy,ITA,Female,FEM,Hungary,HUN,567
Italy,ITA,Female,FEM,Ireland,IRL,1906
Italy,ITA,Female,FEM,Italy,ITA,0
Italy,ITA,Female,FEM,Latvia,LVA,13
Italy,ITA,Female,FEM,Lithuania,LTU,17
Italy,ITA,Female,FEM,Luxembourg,LUX,5386
Italy,ITA,Female,FEM,Netherlands,NLD,5457
Italy,ITA,Female,FEM,Poland,POL,2236
Italy,ITA,Female,FEM,Portugal,PRT,861
Italy,ITA,Female,FEM,Romania,ROU,572
Italy,ITA,Female,FEM,Slovak Republic,SVK,40
Italy,ITA,Female,FEM,Slovenia,SVN,1464
Italy,ITA,Female,FEM,Spain,ESP,8335
Italy,ITA,Female,FEM,Sweden,SWE,2031
Italy,ITA,Female,FEM,Malta,MLT,163
Italy,ITA,Male,MAL,Austria,AUT,7884
Italy,ITA,Male,MAL,Belgium,BEL,111819
Italy,ITA,Male,MAL,Bulgaria,BGR,383
Italy,ITA,Male,MAL,Croatia,HRV,821
Italy,ITA,Male,MAL,Cyprus,CYP,106
Italy,ITA,Male,MAL,Czech Republic,CZE,674
Italy,ITA,Male,MAL,Denmark,DNK,2260
Italy,ITA,Male,MAL,Estonia,EST,3
Italy,ITA,Male,MAL,Finland,FIN,724
Italy,ITA,Male,MAL,France,FRA,116928
Italy,ITA,Male,MAL,Germany,DEU,374637
Italy,ITA,Male,MAL,Greece,GRC,2663
Italy,ITA,Male,MAL,Hungary,HUN,658
Italy,ITA,Male,MAL,Ireland,IRL,2484
Italy,ITA,Male,MAL,Italy,ITA,0
Italy,ITA,Male,MAL,Latvia,LVA,26
Italy,ITA,Male,MAL,Lithuania,LTU,20
Italy,ITA,Male,MAL,Luxembourg,LUX,6888
Italy,ITA,Male,MAL,Netherlands,NLD,11194
Italy,ITA,Male,MAL,Poland,POL,2366
Italy,ITA,Male,MAL,Portugal,PRT,995
Italy,ITA,Male,MAL,Romania,ROU,1958
Italy,ITA,Male,MAL,Slovak Republic,SVK,76
Italy,ITA,Male,MAL,Slovenia,SVN,1205
Italy,ITA,Male,MAL,Spain,ESP,13146
Italy,ITA,Male,MAL,Sweden,SWE,4238
Italy,ITA,Male,MAL,Malta,MLT,340
Italy,ITA,Total,TOT,Austria,AUT,14428
Italy,ITA,Total,TOT,Belgium,BEL,203181
Italy,ITA,Total,TOT,Bulgaria,BGR,538
Italy,ITA,Total,TOT,Croatia,HRV,1780
Italy,ITA,Total,TOT,Cyprus,CYP,219
Italy,ITA,Total,TOT,Czech Republic,CZE,1044
Italy,ITA,Total,TOT,Denmark,DNK,3272
Italy,ITA,Total,TOT,Estonia,EST,6
Italy,ITA,Total,TOT,Finland,FIN,990
Italy,ITA,Total,TOT,France,FRA,236943
Italy,ITA,Total,TOT,Germany,DEU,629291
Italy,ITA,Total,TOT,Greece,GRC,5628
Italy,ITA,Total,TOT,Hungary,HUN,1224
Italy,ITA,Total,TOT,Ireland,IRL,4390
Italy,ITA,Total,TOT,Italy,ITA,0
Italy,ITA,Total,TOT,Latvia,LVA,39
Italy,ITA,Total,TOT,Lithuania,LTU,37
Italy,ITA,Total,TOT,Luxembourg,LUX,12274
Italy,ITA,Total,TOT,Netherlands,NLD,16651
Italy,ITA,Total,TOT,Poland,POL,4602
Italy,ITA,Total,TOT,Portugal,PRT,1856
Italy,ITA,Total,TOT,Romania,ROU,2530
Italy,ITA,Total,TOT,Slovak Republic,SVK,116
Italy,ITA,Total,TOT,Slovenia,SVN,2669
Italy,ITA,Total,TOT,Spain,ESP,21481
Italy,ITA,Total,TOT,Sweden,SWE,6269
Italy,ITA,Total,TOT,Malta,MLT,503
Latvia,LVA,Female,FEM,Austria,AUT,140
Latvia,LVA,Female,FEM,Belgium,BEL,99
Latvia,LVA,Female,FEM,Bulgaria,BGR,84
Latvia,LVA,Female,FEM,Croatia,HRV,128
Latvia,LVA,Female,FEM,Cyprus,CYP,54
Latvia,LVA,Female,FEM,Czech Republic,CZE,93
Latvia,LVA,Female,FEM,Denmark,DNK,604
Latvia,LVA,Female,FEM,Estonia,EST,2491
Latvia,LVA,Female,FEM,Finland,FIN,693
Latvia,LVA,Female,FEM,France,FRA,6683
Latvia,LVA,Female,FEM,Germany,DEU,29795
Latvia,LVA,Female,FEM,Greece,GRC,25
Latvia,LVA,Female,FEM,Hungary,HUN,446
Latvia,LVA,Female,FEM,Ireland,IRL,1258
Latvia,LVA,Female,FEM,Italy,ITA,578
Latvia,LVA,Female,FEM,Latvia,LVA,0
Latvia,LVA,Female,FEM,Lithuania,LTU,4573
Latvia,LVA,Female,FEM,Luxembourg,LUX,12
Latvia,LVA,Female,FEM,Netherlands,NLD,207
Latvia,LVA,Female,FEM,Poland,POL,1547
Latvia,LVA,Female,FEM,Portugal,PRT,98
Latvia,LVA,Female,FEM,Romania,ROU,68
Latvia,LVA,Female,FEM,Slovak Republic,SVK,11
Latvia,LVA,Female,FEM,Slovenia,SVN,28
Latvia,LVA,Female,FEM,Spain,ESP,239
Latvia,LVA,Female,FEM,Sweden,SWE,1832
Latvia,LVA,Female,FEM,Malta,MLT,0
Latvia,LVA,Male,MAL,Austria,AUT,74
Latvia,LVA,Male,MAL,Belgium,BEL,52
Latvia,LVA,Male,MAL,Bulgaria,BGR,25
Latvia,LVA,Male,MAL,Croatia,HRV,109
Latvia,LVA,Male,MAL,Cyprus,CYP,20
Latvia,LVA,Male,MAL,Czech Republic,CZE,40
Latvia,LVA,Male,MAL,Denmark,DNK,388
Latvia,LVA,Male,MAL,Estonia,EST,1835
Latvia,LVA,Male,MAL,Finland,FIN,432
Latvia,LVA,Male,MAL,France,FRA,6511
Latvia,LVA,Male,MAL,Germany,DEU,26674
Latvia,LVA,Male,MAL,Greece,GRC,11
Latvia,LVA,Male,MAL,Hungary,HUN,326
Latvia,LVA,Male,MAL,Ireland,IRL,1431
Latvia,LVA,Male,MAL,Italy,ITA,60
Latvia,LVA,Male,MAL,Latvia,LVA,0
Latvia,LVA,Male,MAL,Lithuania,LTU,3787
Latvia,LVA,Male,MAL,Luxembourg,LUX,3
Latvia,LVA,Male,MAL,Netherlands,NLD,101
Latvia,LVA,Male,MAL,Poland,POL,1016
Latvia,LVA,Male,MAL,Portugal,PRT,339
Latvia,LVA,Male,MAL,Romania,ROU,115
Latvia,LVA,Male,MAL,Slovak Republic,SVK,3
Latvia,LVA,Male,MAL,Slovenia,SVN,18
Latvia,LVA,Male,MAL,Spain,ESP,184
Latvia,LVA,Male,MAL,Sweden,SWE,1200
Latvia,LVA,Male,MAL,Malta,MLT,0
Latvia,LVA,Total,TOT,Austria,AUT,215
Latvia,LVA,Total,TOT,Belgium,BEL,151
Latvia,LVA,Total,TOT,Bulgaria,BGR,110
Latvia,LVA,Total,TOT,Croatia,HRV,237
Latvia,LVA,Total,TOT,Cyprus,CYP,75
Latvia,LVA,Total,TOT,Czech Republic,CZE,133
Latvia,LVA,Total,TOT,Denmark,DNK,992
Latvia,LVA,Total,TOT,Estonia,EST,4326
Latvia,LVA,Total,TOT,Finland,FIN,1125
Latvia,LVA,Total,TOT,France,FRA,13193
Latvia,LVA,Total,TOT,Germany,DEU,56469
Latvia,LVA,Total,TOT,Greece,GRC,36
Latvia,LVA,Total,TOT,Hungary,HUN,772
Latvia,LVA,Total,TOT,Ireland,IRL,2689
Latvia,LVA,Total,TOT,Italy,ITA,638
Latvia,LVA,Total,TOT,Latvia,LVA,0
Latvia,LVA,Total,TOT,Lithuania,LTU,8361
Latvia,LVA,Total,TOT,Luxembourg,LUX,15
Latvia,LVA,Total,TOT,Netherlands,NLD,308
Latvia,LVA,Total,TOT,Poland,POL,2563
Latvia,LVA,Total,TOT,Portugal,PRT,437
Latvia,LVA,Total,TOT,Romania,ROU,183
Latvia,LVA,Total,TOT,Slovak Republic,SVK,14
Latvia,LVA,Total,TOT,Slovenia,SVN,46
Latvia,LVA,Total,TOT,Spain,ESP,423
Latvia,LVA,Total,TOT,Sweden,SWE,3032
Latvia,LVA,Total,TOT,Malta,MLT,0
Luxembourg,LUX,Female,FEM,Austria,AUT,258
Luxembourg,LUX,Female,FEM,Belgium,BEL,1870
Luxembourg,LUX,Female,FEM,Bulgaria,BGR,0
Luxembourg,LUX,Female,FEM,Croatia,HRV,13
Luxembourg,LUX,Female,FEM,Cyprus,CYP,4
Luxembourg,LUX,Female,FEM,Czech Republic,CZE,5
Luxembourg,LUX,Female,FEM,Denmark,DNK,113
Luxembourg,LUX,Female,FEM,Estonia,EST,0
Luxembourg,LUX,Female,FEM,Finland,FIN,13
Luxembourg,LUX,Female,FEM,France,FRA,1609
Luxembourg,LUX,Female,FEM,Germany,DEU,2780
Luxembourg,LUX,Female,FEM,Greece,GRC,19
Luxembourg,LUX,Female,FEM,Hungary,HUN,6
Luxembourg,LUX,Female,FEM,Ireland,IRL,40
Luxembourg,LUX,Female,FEM,Italy,ITA,392
Luxembourg,LUX,Female,FEM,Latvia,LVA,1
Luxembourg,LUX,Female,FEM,Lithuania,LTU,4
Luxembourg,LUX,Female,FEM,Luxembourg,LUX,0
Luxembourg,LUX,Female,FEM,Netherlands,NLD,449
Luxembourg,LUX,Female,FEM,Poland,POL,78
Luxembourg,LUX,Female,FEM,Portugal,PRT,1936
Luxembourg,LUX,Female,FEM,Romania,ROU,1
Luxembourg,LUX,Female,FEM,Slovak Republic,SVK,0
Luxembourg,LUX,Female,FEM,Slovenia,SVN,0
Luxembourg,LUX,Female,FEM,Spain,ESP,445
Luxembourg,LUX,Female,FEM,Sweden,SWE,63
Luxembourg,LUX,Female,FEM,Malta,MLT,0
Luxembourg,LUX,Male,MAL,Austria,AUT,279
Luxembourg,LUX,Male,MAL,Belgium,BEL,2578
Luxembourg,LUX,Male,MAL,Bulgaria,BGR,0
Luxembourg,LUX,Male,MAL,Croatia,HRV,7
Luxembourg,LUX,Male,MAL,Cyprus,CYP,2
Luxembourg,LUX,Male,MAL,Czech Republic,CZE,10
Luxembourg,LUX,Male,MAL,Denmark,DNK,123
Luxembourg,LUX,Male,MAL,Estonia,EST,0
Luxembourg,LUX,Male,MAL,Finland,FIN,19
Luxembourg,LUX,Male,MAL,France,FRA,1568
Luxembourg,LUX,Male,MAL,Germany,DEU,3295
Luxembourg,LUX,Male,MAL,Greece,GRC,18
Luxembourg,LUX,Male,MAL,Hungary,HUN,4
Luxembourg,LUX,Male,MAL,Ireland,IRL,50
Luxembourg,LUX,Male,MAL,Italy,ITA,238
Luxembourg,LUX,Male,MAL,Latvia,LVA,0
Luxembourg,LUX,Male,MAL,Lithuania,LTU,4
Luxembourg,LUX,Male,MAL,Luxembourg,LUX,0
Luxembourg,LUX,Male,MAL,Netherlands,NLD,349
Luxembourg,LUX,Male,MAL,Poland,POL,60
Luxembourg,LUX,Male,MAL,Portugal,PRT,1541
Luxembourg,LUX,Male,MAL,Romania,ROU,1
Luxembourg,LUX,Male,MAL,Slovak Republic,SVK,0
Luxembourg,LUX,Male,MAL,Slovenia,SVN,0
Luxembourg,LUX,Male,MAL,Spain,ESP,386
Luxembourg,LUX,Male,MAL,Sweden,SWE,55
Luxembourg,LUX,Male,MAL,Malta,MLT,0
Luxembourg,LUX,Total,TOT,Austria,AUT,537
Luxembourg,LUX,Total,TOT,Belgium,BEL,4448
Luxembourg,LUX,Total,TOT,Bulgaria,BGR,0
Luxembourg,LUX,Total,TOT,Croatia,HRV,20
Luxembourg,LUX,Total,TOT,Cyprus,CYP,5
Luxembourg,LUX,Total,TOT,Czech Republic,CZE,15
Luxembourg,LUX,Total,TOT,Denmark,DNK,236
Luxembourg,LUX,Total,TOT,Estonia,EST,0
Luxembourg,LUX,Total,TOT,Finland,FIN,31
Luxembourg,LUX,Total,TOT,France,FRA,3177
Luxembourg,LUX,Total,TOT,Germany,DEU,6075
Luxembourg,LUX,Total,TOT,Greece,GRC,38
Luxembourg,LUX,Total,TOT,Hungary,HUN,10
Luxembourg,LUX,Total,TOT,Ireland,IRL,90
Luxembourg,LUX,Total,TOT,Italy,ITA,630
Luxembourg,LUX,Total,TOT,Latvia,LVA,1
Luxembourg,LUX,Total,TOT,Lithuania,LTU,8
Luxembourg,LUX,Total,TOT,Luxembourg,LUX,0
Luxembourg,LUX,Total,TOT,Netherlands,NLD,798
Luxembourg,LUX,Total,TOT,Poland,POL,138
Luxembourg,LUX,Total,TOT,Portugal,PRT,3477
Luxembourg,LUX,Total,TOT,Romania,ROU,2
Luxembourg,LUX,Total,TOT,Slovak Republic,SVK,0
Luxembourg,LUX,Total,TOT,Slovenia,SVN,0
Luxembourg,LUX,Total,TOT,Spain,ESP,830
Luxembourg,LUX,Total,TOT,Sweden,SWE,119
Luxembourg,LUX,Total,TOT,Malta,MLT,0
Netherlands,NLD,Female,FEM,Austria,AUT,3024
Netherlands,NLD,Female,FEM,Belgium,BEL,41325
Netherlands,NLD,Female,FEM,Bulgaria,BGR,23
Netherlands,NLD,Female,FEM,Croatia,HRV,162
Netherlands,NLD,Female,FEM,Cyprus,CYP,132
Netherlands,NLD,Female,FEM,Czech Republic,CZE,219
Netherlands,NLD,Female,FEM,Denmark,DNK,2051
Netherlands,NLD,Female,FEM,Estonia,EST,0
Netherlands,NLD,Female,FEM,Finland,FIN,179
Netherlands,NLD,Female,FEM,France,FRA,13707
Netherlands,NLD,Female,FEM,Germany,DEU,51328
Netherlands,NLD,Female,FEM,Greece,GRC,1621
Netherlands,NLD,Female,FEM,Hungary,HUN,324
Netherlands,NLD,Female,FEM,Ireland,IRL,1859
Netherlands,NLD,Female,FEM,Italy,ITA,6446
Netherlands,NLD,Female,FEM,Latvia,LVA,6
Netherlands,NLD,Female,FEM,Lithuania,LTU,12
Netherlands,NLD,Female,FEM,Luxembourg,LUX,1600
Netherlands,NLD,Female,FEM,Netherlands,NLD,0
Netherlands,NLD,Female,FEM,Poland,POL,402
Netherlands,NLD,Female,FEM,Portugal,PRT,1408
Netherlands,NLD,Female,FEM,Romania,ROU,98
Netherlands,NLD,Female,FEM,Slovak Republic,SVK,9
Netherlands,NLD,Female,FEM,Slovenia,SVN,1
Netherlands,NLD,Female,FEM,Spain,ESP,9623
Netherlands,NLD,Female,FEM,Sweden,SWE,1896
Netherlands,NLD,Female,FEM,Malta,MLT,3
Netherlands,NLD,Male,MAL,Austria,AUT,2523
Netherlands,NLD,Male,MAL,Belgium,BEL,50915
Netherlands,NLD,Male,MAL,Bulgaria,BGR,34
Netherlands,NLD,Male,MAL,Croatia,HRV,106
Netherlands,NLD,Male,MAL,Cyprus,CYP,88
Netherlands,NLD,Male,MAL,Czech Republic,CZE,335
Netherlands,NLD,Male,MAL,Denmark,DNK,2788
Netherlands,NLD,Male,MAL,Estonia,EST,0
Netherlands,NLD,Male,MAL,Finland,FIN,523
Netherlands,NLD,Male,MAL,France,FRA,13355
Netherlands,NLD,Male,MAL,Germany,DEU,60925
Netherlands,NLD,Male,MAL,Greece,GRC,803
Netherlands,NLD,Male,MAL,Hungary,HUN,325
Netherlands,NLD,Male,MAL,Ireland,IRL,2145
Netherlands,NLD,Male,MAL,Italy,ITA,3416
Netherlands,NLD,Male,MAL,Latvia,LVA,24
Netherlands,NLD,Male,MAL,Lithuania,LTU,17
Netherlands,NLD,Male,MAL,Luxembourg,LUX,1671
Netherlands,NLD,Male,MAL,Netherlands,NLD,0
Netherlands,NLD,Male,MAL,Poland,POL,629
Netherlands,NLD,Male,MAL,Portugal,PRT,1678
Netherlands,NLD,Male,MAL,Romania,ROU,186
Netherlands,NLD,Male,MAL,Slovak Republic,SVK,24
Netherlands,NLD,Male,MAL,Slovenia,SVN,0
Netherlands,NLD,Male,MAL,Spain,ESP,9060
Netherlands,NLD,Male,MAL,Sweden,SWE,2587
Netherlands,NLD,Male,MAL,Malta,MLT,2
Netherlands,NLD,Total,TOT,Austria,AUT,5547
Netherlands,NLD,Total,TOT,Belgium,BEL,92240
Netherlands,NLD,Total,TOT,Bulgaria,BGR,57
Netherlands,NLD,Total,TOT,Croatia,HRV,268
Netherlands,NLD,Total,TOT,Cyprus,CYP,219
Netherlands,NLD,Total,TOT,Czech Republic,CZE,554
Netherlands,NLD,Total,TOT,Denmark,DNK,4838
Netherlands,NLD,Total,TOT,Estonia,EST,0
Netherlands,NLD,Total,TOT,Finland,FIN,702
Netherlands,NLD,Total,TOT,France,FRA,27062
Netherlands,NLD,Total,TOT,Germany,DEU,112253
Netherlands,NLD,Total,TOT,Greece,GRC,2425
Netherlands,NLD,Total,TOT,Hungary,HUN,650
Netherlands,NLD,Total,TOT,Ireland,IRL,4004
Netherlands,NLD,Total,TOT,Italy,ITA,9863
Netherlands,NLD,Total,TOT,Latvia,LVA,30
Netherlands,NLD,Total,TOT,Lithuania,LTU,29
Netherlands,NLD,Total,TOT,Luxembourg,LUX,3271
Netherlands,NLD,Total,TOT,Netherlands,NLD,0
Netherlands,NLD,Total,TOT,Poland,POL,1030
Netherlands,NLD,Total,TOT,Portugal,PRT,3086
Netherlands,NLD,Total,TOT,Romania,ROU,284
Netherlands,NLD,Total,TOT,Slovak Republic,SVK,33
Netherlands,NLD,Total,TOT,Slovenia,SVN,2
Netherlands,NLD,Total,TOT,Spain,ESP,18683
Netherlands,NLD,Total,TOT,Sweden,SWE,4483
Netherlands,NLD,Total,TOT,Malta,MLT,6
Poland,POL,Female,FEM,Austria,AUT,15349
Poland,POL,Female,FEM,Belgium,BEL,4669
Poland,POL,Female,FEM,Bulgaria,BGR,1250
Poland,POL,Female,FEM,Croatia,HRV,1810
Poland,POL,Female,FEM,Cyprus,CYP,250
Poland,POL,Female,FEM,Czech Republic,CZE,17685
Poland,POL,Female,FEM,Denmark,DNK,6869
Poland,POL,Female,FEM,Estonia,EST,302
Poland,POL,Female,FEM,Finland,FIN,739
Poland,POL,Female,FEM,France,FRA,405409
Poland,POL,Female,FEM,Germany,DEU,1028120
Poland,POL,Female,FEM,Greece,GRC,6691
Poland,POL,Female,FEM,Hungary,HUN,5097
Poland,POL,Female,FEM,Ireland,IRL,1054
Poland,POL,Female,FEM,Italy,ITA,32665
Poland,POL,Female,FEM,Latvia,LVA,1057
Poland,POL,Female,FEM,Lithuania,LTU,2392
Poland,POL,Female,FEM,Luxembourg,LUX,617
Poland,POL,Female,FEM,Netherlands,NLD,12523
Poland,POL,Female,FEM,Poland,POL,0
Poland,POL,Female,FEM,Portugal,PRT,254
Poland,POL,Female,FEM,Romania,ROU,633
Poland,POL,Female,FEM,Slovak Republic,SVK,2415
Poland,POL,Female,FEM,Slovenia,SVN,334
Poland,POL,Female,FEM,Spain,ESP,6944
Poland,POL,Female,FEM,Sweden,SWE,26006
Poland,POL,Female,FEM,Malta,MLT,4
Poland,POL,Male,MAL,Austria,AUT,15484
Poland,POL,Male,MAL,Belgium,BEL,2536
Poland,POL,Male,MAL,Bulgaria,BGR,566
Poland,POL,Male,MAL,Croatia,HRV,1330
Poland,POL,Male,MAL,Cyprus,CYP,79
Poland,POL,Male,MAL,Czech Republic,CZE,7239
Poland,POL,Male,MAL,Denmark,DNK,3599
Poland,POL,Male,MAL,Estonia,EST,198
Poland,POL,Male,MAL,Finland,FIN,627
Poland,POL,Male,MAL,France,FRA,394978
Poland,POL,Male,MAL,Germany,DEU,971855
Poland,POL,Male,MAL,Greece,GRC,5641
Poland,POL,Male,MAL,Hungary,HUN,2485
Poland,POL,Male,MAL,Ireland,IRL,1553
Poland,POL,Male,MAL,Italy,ITA,10635
Poland,POL,Male,MAL,Latvia,LVA,548
Poland,POL,Male,MAL,Lithuania,LTU,1526
Poland,POL,Male,MAL,Luxembourg,LUX,386
Poland,POL,Male,MAL,Netherlands,NLD,5112
Poland,POL,Male,MAL,Poland,POL,0
Poland,POL,Male,MAL,Portugal,PRT,195
Poland,POL,Male,MAL,Romania,ROU,579
Poland,POL,Male,MAL,Slovak Republic,SVK,1027
Poland,POL,Male,MAL,Slovenia,SVN,216
Poland,POL,Male,MAL,Spain,ESP,6309
Poland,POL,Male,MAL,Sweden,SWE,13678
Poland,POL,Male,MAL,Malta,MLT,4
Poland,POL,Total,TOT,Austria,AUT,30833
Poland,POL,Total,TOT,Belgium,BEL,7205
Poland,POL,Total,TOT,Bulgaria,BGR,1816
Poland,POL,Total,TOT,Croatia,HRV,3139
Poland,POL,Total,TOT,Cyprus,CYP,329
Poland,POL,Total,TOT,Czech Republic,CZE,24924
Poland,POL,Total,TOT,Denmark,DNK,10467
Poland,POL,Total,TOT,Estonia,EST,500
Poland,POL,Total,TOT,Finland,FIN,1366
Poland,POL,Total,TOT,France,FRA,800387
Poland,POL,Total,TOT,Germany,DEU,1999975
Poland,POL,Total,TOT,Greece,GRC,12332
Poland,POL,Total,TOT,Hungary,HUN,7582
Poland,POL,Total,TOT,Ireland,IRL,2606
Poland,POL,Total,TOT,Italy,ITA,43300
Poland,POL,Total,TOT,Latvia,LVA,1605
Poland,POL,Total,TOT,Lithuania,LTU,3918
Poland,POL,Total,TOT,Luxembourg,LUX,1003
Poland,POL,Total,TOT,Netherlands,NLD,17635
Poland,POL,Total,TOT,Poland,POL,0
Poland,POL,Total,TOT,Portugal,PRT,449
Poland,POL,Total,TOT,Romania,ROU,1211
Poland,POL,Total,TOT,Slovak Republic,SVK,3442
Poland,POL,Total,TOT,Slovenia,SVN,550
Poland,POL,Total,TOT,Spain,ESP,13253
Poland,POL,Total,TOT,Sweden,SWE,39685
Poland,POL,Total,TOT,Malta,MLT,8
Romania,ROU,Female,FEM,Austria,AUT,13867
Romania,ROU,Female,FEM,Belgium,BEL,1494
Romania,ROU,Female,FEM,Bulgaria,BGR,9085
Romania,ROU,Female,FEM,Croatia,HRV,272
Romania,ROU,Female,FEM,Cyprus,CYP,1793
Romania,ROU,Female,FEM,Czech Republic,CZE,6814
Romania,ROU,Female,FEM,Denmark,DNK,1205
Romania,ROU,Female,FEM,Estonia,EST,4
Romania,ROU,Female,FEM,Finland,FIN,304
Romania,ROU,Female,FEM,France,FRA,62786
Romania,ROU,Female,FEM,Germany,DEU,154625
Romania,ROU,Female,FEM,Greece,GRC,9185
Romania,ROU,Female,FEM,Hungary,HUN,75852
Romania,ROU,Female,FEM,Ireland,IRL,2308
Romania,ROU,Female,FEM,Italy,ITA,67837
Romania,ROU,Female,FEM,Latvia,LVA,32
Romania,ROU,Female,FEM,Lithuania,LTU,16
Romania,ROU,Female,FEM,Luxembourg,LUX,347
Romania,ROU,Female,FEM,Netherlands,NLD,2927
Romania,ROU,Female,FEM,Poland,POL,2106
Romania,ROU,Female,FEM,Portugal,PRT,685
Romania,ROU,Female,FEM,Romania,ROU,0
Romania,ROU,Female,FEM,Slovak Republic,SVK,1711
Romania,ROU,Female,FEM,Slovenia,SVN,11
Romania,ROU,Female,FEM,Spain,ESP,19927
Romania,ROU,Female,FEM,Sweden,SWE,6342
Romania,ROU,Female,FEM,Malta,MLT,21
Romania,ROU,Male,MAL,Austria,AUT,10781
Romania,ROU,Male,MAL,Belgium,BEL,993
Romania,ROU,Male,MAL,Bulgaria,BGR,7716
Romania,ROU,Male,MAL,Croatia,HRV,149
Romania,ROU,Male,MAL,Cyprus,CYP,662
Romania,ROU,Male,MAL,Czech Republic,CZE,5252
Romania,ROU,Male,MAL,Denmark,DNK,812
Romania,ROU,Male,MAL,Estonia,EST,5
Romania,ROU,Male,MAL,Finland,FIN,403
Romania,ROU,Male,MAL,France,FRA,61171
Romania,ROU,Male,MAL,Germany,DEU,169460
Romania,ROU,Male,MAL,Greece,GRC,11947
Romania,ROU,Male,MAL,Hungary,HUN,57225
Romania,ROU,Male,MAL,Ireland,IRL,2956
Romania,ROU,Male,MAL,Italy,ITA,51286
Romania,ROU,Male,MAL,Latvia,LVA,35
Romania,ROU,Male,MAL,Lithuania,LTU,17
Romania,ROU,Male,MAL,Luxembourg,LUX,221
Romania,ROU,Male,MAL,Netherlands,NLD,1895
Romania,ROU,Male,MAL,Poland,POL,1518
Romania,ROU,Male,MAL,Portugal,PRT,2323
Romania,ROU,Male,MAL,Romania,ROU,0
Romania,ROU,Male,MAL,Slovak Republic,SVK,1468
Romania,ROU,Male,MAL,Slovenia,SVN,7
Romania,ROU,Male,MAL,Spain,ESP,27927
Romania,ROU,Male,MAL,Sweden,SWE,5305
Romania,ROU,Male,MAL,Malta,MLT,20
Romania,ROU,Total,TOT,Austria,AUT,24647
Romania,ROU,Total,TOT,Belgium,BEL,2487
Romania,ROU,Total,TOT,Bulgaria,BGR,16801
Romania,ROU,Total,TOT,Croatia,HRV,421
Romania,ROU,Total,TOT,Cyprus,CYP,2454
Romania,ROU,Total,TOT,Czech Republic,CZE,12066
Romania,ROU,Total,TOT,Denmark,DNK,2017
Romania,ROU,Total,TOT,Estonia,EST,9
Romania,ROU,Total,TOT,Finland,FIN,707
Romania,ROU,Total,TOT,France,FRA,123957
Romania,ROU,Total,TOT,Germany,DEU,324085
Romania,ROU,Total,TOT,Greece,GRC,21132
Romania,ROU,Total,TOT,Hungary,HUN,133077
Romania,ROU,Total,TOT,Ireland,IRL,5264
Romania,ROU,Total,TOT,Italy,ITA,119123
Romania,ROU,Total,TOT,Latvia,LVA,67
Romania,ROU,Total,TOT,Lithuania,LTU,34
Romania,ROU,Total,TOT,Luxembourg,LUX,568
Romania,ROU,Total,TOT,Netherlands,NLD,4822
Romania,ROU,Total,TOT,Poland,POL,3623
Romania,ROU,Total,TOT,Portugal,PRT,3008
Romania,ROU,Total,TOT,Romania,ROU,0
Romania,ROU,Total,TOT,Slovak Republic,SVK,3178
Romania,ROU,Total,TOT,Slovenia,SVN,17
Romania,ROU,Total,TOT,Spain,ESP,47854
Romania,ROU,Total,TOT,Sweden,SWE,11646
Romania,ROU,Total,TOT,Malta,MLT,41
Slovak Republic,SVK,Female,FEM,Austria,AUT,6294
Slovak Republic,SVK,Female,FEM,Belgium,BEL,364
Slovak Republic,SVK,Female,FEM,Bulgaria,BGR,237
Slovak Republic,SVK,Female,FEM,Croatia,HRV,1023
Slovak Republic,SVK,Female,FEM,Cyprus,CYP,41
Slovak Republic,SVK,Female,FEM,Czech Republic,CZE,154953
Slovak Republic,SVK,Female,FEM,Denmark,DNK,258
Slovak Republic,SVK,Female,FEM,Estonia,EST,55
Slovak Republic,SVK,Female,FEM,Finland,FIN,62
Slovak Republic,SVK,Female,FEM,France,FRA,29803
Slovak Republic,SVK,Female,FEM,Germany,DEU,62154
Slovak Republic,SVK,Female,FEM,Greece,GRC,217
Slovak Republic,SVK,Female,FEM,Hungary,HUN,1119
Slovak Republic,SVK,Female,FEM,Ireland,IRL,193
Slovak Republic,SVK,Female,FEM,Italy,ITA,2633
Slovak Republic,SVK,Female,FEM,Latvia,LVA,6
Slovak Republic,SVK,Female,FEM,Lithuania,LTU,25
Slovak Republic,SVK,Female,FEM,Luxembourg,LUX,54
Slovak Republic,SVK,Female,FEM,Netherlands,NLD,52
Slovak Republic,SVK,Female,FEM,Poland,POL,1486
Slovak Republic,SVK,Female,FEM,Portugal,PRT,0
Slovak Republic,SVK,Female,FEM,Romania,ROU,331
Slovak Republic,SVK,Female,FEM,Slovak Republic,SVK,0
Slovak Republic,SVK,Female,FEM,Slovenia,SVN,152
Slovak Republic,SVK,Female,FEM,Spain,ESP,567
Slovak Republic,SVK,Female,FEM,Sweden,SWE,1809
Slovak Republic,SVK,Female,FEM,Malta,MLT,5
Slovak Republic,SVK,Male,MAL,Austria,AUT,4621
Slovak Republic,SVK,Male,MAL,Belgium,BEL,201
Slovak Republic,SVK,Male,MAL,Bulgaria,BGR,71
Slovak Republic,SVK,Male,MAL,Croatia,HRV,671
Slovak Republic,SVK,Male,MAL,Cyprus,CYP,24
Slovak Republic,SVK,Male,MAL,Czech Republic,CZE,132921
Slovak Republic,SVK,Male,MAL,Denmark,DNK,179
Slovak Republic,SVK,Male,MAL,Estonia,EST,71
Slovak Republic,SVK,Male,MAL,Finland,FIN,58
Slovak Republic,SVK,Male,MAL,France,FRA,29036
Slovak Republic,SVK,Male,MAL,Germany,DEU,56675
Slovak Republic,SVK,Male,MAL,Greece,GRC,102
Slovak Republic,SVK,Male,MAL,Hungary,HUN,945
Slovak Republic,SVK,Male,MAL,Ireland,IRL,199
Slovak Republic,SVK,Male,MAL,Italy,ITA,650
Slovak Republic,SVK,Male,MAL,Latvia,LVA,5
Slovak Republic,SVK,Male,MAL,Lithuania,LTU,25
Slovak Republic,SVK,Male,MAL,Luxembourg,LUX,41
Slovak Republic,SVK,Male,MAL,Netherlands,NLD,44
Slovak Republic,SVK,Male,MAL,Poland,POL,1146
Slovak Republic,SVK,Male,MAL,Portugal,PRT,0
Slovak Republic,SVK,Male,MAL,Romania,ROU,297
Slovak Republic,SVK,Male,MAL,Slovak Republic,SVK,0
Slovak Republic,SVK,Male,MAL,Slovenia,SVN,99
Slovak Republic,SVK,Male,MAL,Spain,ESP,415
Slovak Republic,SVK,Male,MAL,Sweden,SWE,1544
Slovak Republic,SVK,Male,MAL,Malta,MLT,5
Slovak Republic,SVK,Total,TOT,Austria,AUT,10916
Slovak Republic,SVK,Total,TOT,Belgium,BEL,565
Slovak Republic,SVK,Total,TOT,Bulgaria,BGR,308
Slovak Republic,SVK,Total,TOT,Croatia,HRV,1694
Slovak Republic,SVK,Total,TOT,Cyprus,CYP,65
Slovak Republic,SVK,Total,TOT,Czech Republic,CZE,287874
Slovak Republic,SVK,Total,TOT,Denmark,DNK,437
Slovak Republic,SVK,Total,TOT,Estonia,EST,126
Slovak Republic,SVK,Total,TOT,Finland,FIN,120
Slovak Republic,SVK,Total,TOT,France,FRA,58839
Slovak Republic,SVK,Total,TOT,Germany,DEU,118829
Slovak Republic,SVK,Total,TOT,Greece,GRC,319
Slovak Republic,SVK,Total,TOT,Hungary,HUN,2064
Slovak Republic,SVK,Total,TOT,Ireland,IRL,391
Slovak Republic,SVK,Total,TOT,Italy,ITA,3283
Slovak Republic,SVK,Total,TOT,Latvia,LVA,11
Slovak Republic,SVK,Total,TOT,Lithuania,LTU,49
Slovak Republic,SVK,Total,TOT,Luxembourg,LUX,94
Slovak Republic,SVK,Total,TOT,Netherlands,NLD,97
Slovak Republic,SVK,Total,TOT,Poland,POL,2632
Slovak Republic,SVK,Total,TOT,Portugal,PRT,0
Slovak Republic,SVK,Total,TOT,Romania,ROU,628
Slovak Republic,SVK,Total,TOT,Slovak Republic,SVK,0
Slovak Republic,SVK,Total,TOT,Slovenia,SVN,251
Slovak Republic,SVK,Total,TOT,Spain,ESP,982
Slovak Republic,SVK,Total,TOT,Sweden,SWE,3353
Slovak Republic,SVK,Total,TOT,Malta,MLT,10
Slovenia,SVN,Female,FEM,Austria,AUT,4412
Slovenia,SVN,Female,FEM,Belgium,BEL,147
Slovenia,SVN,Female,FEM,Bulgaria,BGR,14
Slovenia,SVN,Female,FEM,Croatia,HRV,14523
Slovenia,SVN,Female,FEM,Cyprus,CYP,5
Slovenia,SVN,Female,FEM,Czech Republic,CZE,140
Slovenia,SVN,Female,FEM,Denmark,DNK,60
Slovenia,SVN,Female,FEM,Estonia,EST,5
Slovenia,SVN,Female,FEM,Finland,FIN,14
Slovenia,SVN,Female,FEM,France,FRA,1758
Slovenia,SVN,Female,FEM,Germany,DEU,10765
Slovenia,SVN,Female,FEM,Greece,GRC,34
Slovenia,SVN,Female,FEM,Hungary,HUN,475
Slovenia,SVN,Female,FEM,Ireland,IRL,44
Slovenia,SVN,Female,FEM,Italy,ITA,3146
Slovenia,SVN,Female,FEM,Latvia,LVA,2
Slovenia,SVN,Female,FEM,Lithuania,LTU,3
Slovenia,SVN,Female,FEM,Luxembourg,LUX,44
Slovenia,SVN,Female,FEM,Netherlands,NLD,12
Slovenia,SVN,Female,FEM,Poland,POL,132
Slovenia,SVN,Female,FEM,Portugal,PRT,8
Slovenia,SVN,Female,FEM,Romania,ROU,65
Slovenia,SVN,Female,FEM,Slovak Republic,SVK,20
Slovenia,SVN,Female,FEM,Slovenia,SVN,0
Slovenia,SVN,Female,FEM,Spain,ESP,117
Slovenia,SVN,Female,FEM,Sweden,SWE,311
Slovenia,SVN,Female,FEM,Malta,MLT,0
Slovenia,SVN,Male,MAL,Austria,AUT,5310
Slovenia,SVN,Male,MAL,Belgium,BEL,162
Slovenia,SVN,Male,MAL,Bulgaria,BGR,21
Slovenia,SVN,Male,MAL,Croatia,HRV,7654
Slovenia,SVN,Male,MAL,Cyprus,CYP,4
Slovenia,SVN,Male,MAL,Czech Republic,CZE,122
Slovenia,SVN,Male,MAL,Denmark,DNK,52
Slovenia,SVN,Male,MAL,Estonia,EST,6
Slovenia,SVN,Male,MAL,Finland,FIN,20
Slovenia,SVN,Male,MAL,France,FRA,1713
Slovenia,SVN,Male,MAL,Germany,DEU,11128
Slovenia,SVN,Male,MAL,Greece,GRC,18
Slovenia,SVN,Male,MAL,Hungary,HUN,283
Slovenia,SVN,Male,MAL,Ireland,IRL,32
Slovenia,SVN,Male,MAL,Italy,ITA,1697
Slovenia,SVN,Male,MAL,Latvia,LVA,0
Slovenia,SVN,Male,MAL,Lithuania,LTU,3
Slovenia,SVN,Male,MAL,Luxembourg,LUX,39
Slovenia,SVN,Male,MAL,Netherlands,NLD,20
Slovenia,SVN,Male,MAL,Poland,POL,102
Slovenia,SVN,Male,MAL,Portugal,PRT,6
Slovenia,SVN,Male,MAL,Romania,ROU,47
Slovenia,SVN,Male,MAL,Slovak Republic,SVK,22
Slovenia,SVN,Male,MAL,Slovenia,SVN,0
Slovenia,SVN,Male,MAL,Spain,ESP,102
Slovenia,SVN,Male,MAL,Sweden,SWE,364
Slovenia,SVN,Male,MAL,Malta,MLT,0
Slovenia,SVN,Total,TOT,Austria,AUT,9722
Slovenia,SVN,Total,TOT,Belgium,BEL,309
Slovenia,SVN,Total,TOT,Bulgaria,BGR,34
Slovenia,SVN,Total,TOT,Croatia,HRV,22177
Slovenia,SVN,Total,TOT,Cyprus,CYP,8
Slovenia,SVN,Total,TOT,Czech Republic,CZE,261
Slovenia,SVN,Total,TOT,Denmark,DNK,112
Slovenia,SVN,Total,TOT,Estonia,EST,12
Slovenia,SVN,Total,TOT,Finland,FIN,35
Slovenia,SVN,Total,TOT,France,FRA,3471
Slovenia,SVN,Total,TOT,Germany,DEU,21893
Slovenia,SVN,Total,TOT,Greece,GRC,52
Slovenia,SVN,Total,TOT,Hungary,HUN,758
Slovenia,SVN,Total,TOT,Ireland,IRL,76
Slovenia,SVN,Total,TOT,Italy,ITA,4844
Slovenia,SVN,Total,TOT,Latvia,LVA,2
Slovenia,SVN,Total,TOT,Lithuania,LTU,5
Slovenia,SVN,Total,TOT,Luxembourg,LUX,83
Slovenia,SVN,Total,TOT,Netherlands,NLD,32
Slovenia,SVN,Total,TOT,Poland,POL,234
Slovenia,SVN,Total,TOT,Portugal,PRT,13
Slovenia,SVN,Total,TOT,Romania,ROU,113
Slovenia,SVN,Total,TOT,Slovak Republic,SVK,42
Slovenia,SVN,Total,TOT,Slovenia,SVN,0
Slovenia,SVN,Total,TOT,Spain,ESP,219
Slovenia,SVN,Total,TOT,Sweden,SWE,675
Slovenia,SVN,Total,TOT,Malta,MLT,0
Spain,ESP,Female,FEM,Austria,AUT,1351
Spain,ESP,Female,FEM,Belgium,BEL,23013
Spain,ESP,Female,FEM,Bulgaria,BGR,41
Spain,ESP,Female,FEM,Croatia,HRV,47
Spain,ESP,Female,FEM,Cyprus,CYP,52
Spain,ESP,Female,FEM,Czech Republic,CZE,77
Spain,ESP,Female,FEM,Denmark,DNK,1312
Spain,ESP,Female,FEM,Estonia,EST,0
Spain,ESP,Female,FEM,Finland,FIN,304
Spain,ESP,Female,FEM,France,FRA,76771
Spain,ESP,Female,FEM,Germany,DEU,63441
Spain,ESP,Female,FEM,Greece,GRC,551
Spain,ESP,Female,FEM,Hungary,HUN,73
Spain,ESP,Female,FEM,Ireland,IRL,3261
Spain,ESP,Female,FEM,Italy,ITA,15727
Spain,ESP,Female,FEM,Latvia,LVA,3
Spain,ESP,Female,FEM,Lithuania,LTU,8
Spain,ESP,Female,FEM,Luxembourg,LUX,1099
Spain,ESP,Female,FEM,Netherlands,NLD,8715
Spain,ESP,Female,FEM,Poland,POL,553
Spain,ESP,Female,FEM,Portugal,PRT,7937
Spain,ESP,Female,FEM,Romania,ROU,99
Spain,ESP,Female,FEM,Slovak Republic,SVK,13
Spain,ESP,Female,FEM,Slovenia,SVN,0
Spain,ESP,Female,FEM,Spain,ESP,0
Spain,ESP,Female,FEM,Sweden,SWE,2064
Spain,ESP,Female,FEM,Malta,MLT,1
Spain,ESP,Male,MAL,Austria,AUT,851
Spain,ESP,Male,MAL,Belgium,BEL,24116
Spain,ESP,Male,MAL,Bulgaria,BGR,41
Spain,ESP,Male,MAL,Croatia,HRV,20
Spain,ESP,Male,MAL,Cyprus,CYP,18
Spain,ESP,Male,MAL,Czech Republic,CZE,95
Spain,ESP,Male,MAL,Denmark,DNK,1387
Spain,ESP,Male,MAL,Estonia,EST,0
Spain,ESP,Male,MAL,Finland,FIN,482
Spain,ESP,Male,MAL,France,FRA,74795
Spain,ESP,Male,MAL,Germany,DEU,70194
Spain,ESP,Male,MAL,Greece,GRC,380
Spain,ESP,Male,MAL,Hungary,HUN,56
Spain,ESP,Male,MAL,Ireland,IRL,2164
Spain,ESP,Male,MAL,Italy,ITA,3882
Spain,ESP,Male,MAL,Latvia,LVA,6
Spain,ESP,Male,MAL,Lithuania,LTU,13
Spain,ESP,Male,MAL,Luxembourg,LUX,1011
Spain,ESP,Male,MAL,Netherlands,NLD,8872
Spain,ESP,Male,MAL,Poland,POL,628
Spain,ESP,Male,MAL,Portugal,PRT,4759
Spain,ESP,Male,MAL,Romania,ROU,119
Spain,ESP,Male,MAL,Slovak Republic,SVK,17
Spain,ESP,Male,MAL,Slovenia,SVN,0
Spain,ESP,Male,MAL,Spain,ESP,0
Spain,ESP,Male,MAL,Sweden,SWE,2960
Spain,ESP,Male,MAL,Malta,MLT,0
Spain,ESP,Total,TOT,Austria,AUT,2203
Spain,ESP,Total,TOT,Belgium,BEL,47129
Spain,ESP,Total,TOT,Bulgaria,BGR,82
Spain,ESP,Total,TOT,Croatia,HRV,67
Spain,ESP,Total,TOT,Cyprus,CYP,70
Spain,ESP,Total,TOT,Czech Republic,CZE,171
Spain,ESP,Total,TOT,Denmark,DNK,2699
Spain,ESP,Total,TOT,Estonia,EST,0
Spain,ESP,Total,TOT,Finland,FIN,786
Spain,ESP,Total,TOT,France,FRA,151566
Spain,ESP,Total,TOT,Germany,DEU,133635
Spain,ESP,Total,TOT,Greece,GRC,931
Spain,ESP,Total,TOT,Hungary,HUN,128
Spain,ESP,Total,TOT,Ireland,IRL,5425
Spain,ESP,Total,TOT,Italy,ITA,19609
Spain,ESP,Total,TOT,Latvia,LVA,9
Spain,ESP,Total,TOT,Lithuania,LTU,21
Spain,ESP,Total,TOT,Luxembourg,LUX,2111
Spain,ESP,Total,TOT,Netherlands,NLD,17587
Spain,ESP,Total,TOT,Poland,POL,1182
Spain,ESP,Total,TOT,Portugal,PRT,12697
Spain,ESP,Total,TOT,Romania,ROU,218
Spain,ESP,Total,TOT,Slovak Republic,SVK,30
Spain,ESP,Total,TOT,Slovenia,SVN,0
Spain,ESP,Total,TOT,Spain,ESP,0
Spain,ESP,Total,TOT,Sweden,SWE,5024
Spain,ESP,Total,TOT,Malta,MLT,2
Sweden,SWE,Female,FEM,Austria,AUT,2228
Sweden,SWE,Female,FEM,Belgium,BEL,2392
Sweden,SWE,Female,FEM,Bulgaria,BGR,32
Sweden,SWE,Female,FEM,Croatia,HRV,173
Sweden,SWE,Female,FEM,Cyprus,CYP,277
Sweden,SWE,Female,FEM,Czech Republic,CZE,84
Sweden,SWE,Female,FEM,Denmark,DNK,10810
Sweden,SWE,Female,FEM,Estonia,EST,81
Sweden,SWE,Female,FEM,Finland,FIN,14211
Sweden,SWE,Female,FEM,France,FRA,13343
Sweden,SWE,Female,FEM,Germany,DEU,10542
Sweden,SWE,Female,FEM,Greece,GRC,1309
Sweden,SWE,Female,FEM,Hungary,HUN,394
Sweden,SWE,Female,FEM,Ireland,IRL,1051
Sweden,SWE,Female,FEM,Italy,ITA,2945
Sweden,SWE,Female,FEM,Latvia,LVA,54
Sweden,SWE,Female,FEM,Lithuania,LTU,17
Sweden,SWE,Female,FEM,Luxembourg,LUX,518
Sweden,SWE,Female,FEM,Netherlands,NLD,2077
Sweden,SWE,Female,FEM,Poland,POL,370
Sweden,SWE,Female,FEM,Portugal,PRT,508
Sweden,SWE,Female,FEM,Romania,ROU,40
Sweden,SWE,Female,FEM,Slovak Republic,SVK,13
Sweden,SWE,Female,FEM,Slovenia,SVN,2
Sweden,SWE,Female,FEM,Spain,ESP,4328
Sweden,SWE,Female,FEM,Sweden,SWE,0
Sweden,SWE,Female,FEM,Malta,MLT,4
Sweden,SWE,Male,MAL,Austria,AUT,1498
Sweden,SWE,Male,MAL,Belgium,BEL,2170
Sweden,SWE,Male,MAL,Bulgaria,BGR,59
Sweden,SWE,Male,MAL,Croatia,HRV,110
Sweden,SWE,Male,MAL,Cyprus,CYP,137
Sweden,SWE,Male,MAL,Czech Republic,CZE,128
Sweden,SWE,Male,MAL,Denmark,DNK,7947
Sweden,SWE,Male,MAL,Estonia,EST,109
Sweden,SWE,Male,MAL,Finland,FIN,14771
Sweden,SWE,Male,MAL,France,FRA,12999
Sweden,SWE,Male,MAL,Germany,DEU,8672
Sweden,SWE,Male,MAL,Greece,GRC,808
Sweden,SWE,Male,MAL,Hungary,HUN,301
Sweden,SWE,Male,MAL,Ireland,IRL,581
Sweden,SWE,Male,MAL,Italy,ITA,1107
Sweden,SWE,Male,MAL,Latvia,LVA,116
Sweden,SWE,Male,MAL,Lithuania,LTU,35
Sweden,SWE,Male,MAL,Luxembourg,LUX,456
Sweden,SWE,Male,MAL,Netherlands,NLD,1417
Sweden,SWE,Male,MAL,Poland,POL,388
Sweden,SWE,Male,MAL,Portugal,PRT,449
Sweden,SWE,Male,MAL,Romania,ROU,56
Sweden,SWE,Male,MAL,Slovak Republic,SVK,10
Sweden,SWE,Male,MAL,Slovenia,SVN,1
Sweden,SWE,Male,MAL,Spain,ESP,3277
Sweden,SWE,Male,MAL,Sweden,SWE,0
Sweden,SWE,Male,MAL,Malta,MLT,3
Sweden,SWE,Total,TOT,Austria,AUT,3726
Sweden,SWE,Total,TOT,Belgium,BEL,4562
Sweden,SWE,Total,TOT,Bulgaria,BGR,91
Sweden,SWE,Total,TOT,Croatia,HRV,282
Sweden,SWE,Total,TOT,Cyprus,CYP,414
Sweden,SWE,Total,TOT,Czech Republic,CZE,212
Sweden,SWE,Total,TOT,Denmark,DNK,18757
Sweden,SWE,Total,TOT,Estonia,EST,190
Sweden,SWE,Total,TOT,Finland,FIN,28981
Sweden,SWE,Total,TOT,France,FRA,26342
Sweden,SWE,Total,TOT,Germany,DEU,19214
Sweden,SWE,Total,TOT,Greece,GRC,2118
Sweden,SWE,Total,TOT,Hungary,HUN,695
Sweden,SWE,Total,TOT,Ireland,IRL,1633
Sweden,SWE,Total,TOT,Italy,ITA,4052
Sweden,SWE,Total,TOT,Latvia,LVA,170
Sweden,SWE,Total,TOT,Lithuania,LTU,52
Sweden,SWE,Total,TOT,Luxembourg,LUX,974
Sweden,SWE,Total,TOT,Netherlands,NLD,3494
Sweden,SWE,Total,TOT,Poland,POL,758
Sweden,SWE,Total,TOT,Portugal,PRT,957
Sweden,SWE,Total,TOT,Romania,ROU,97
Sweden,SWE,Total,TOT,Slovak Republic,SVK,23
Sweden,SWE,Total,TOT,Slovenia,SVN,3
Sweden,SWE,Total,TOT,Spain,ESP,7605
Sweden,SWE,Total,TOT,Sweden,SWE,0
Sweden,SWE,Total,TOT,Malta,MLT,7
Malta,MLT,Female,FEM,Austria,AUT,22
Malta,MLT,Female,FEM,Belgium,BEL,2
Malta,MLT,Female,FEM,Bulgaria,BGR,5
Malta,MLT,Female,FEM,Croatia,HRV,0
Malta,MLT,Female,FEM,Cyprus,CYP,6
Malta,MLT,Female,FEM,Czech Republic,CZE,4
Malta,MLT,Female,FEM,Denmark,DNK,22
Malta,MLT,Female,FEM,Estonia,EST,0
Malta,MLT,Female,FEM,Finland,FIN,6
Malta,MLT,Female,FEM,France,FRA,4826
Malta,MLT,Female,FEM,Germany,DEU,177
Malta,MLT,Female,FEM,Greece,GRC,27
Malta,MLT,Female,FEM,Hungary,HUN,3
Malta,MLT,Female,FEM,Ireland,IRL,114
Malta,MLT,Female,FEM,Italy,ITA,930
Malta,MLT,Female,FEM,Latvia,LVA,1
Malta,MLT,Female,FEM,Lithuania,LTU,0
Malta,MLT,Female,FEM,Luxembourg,LUX,7
Malta,MLT,Female,FEM,Netherlands,NLD,138
Malta,MLT,Female,FEM,Poland,POL,3
Malta,MLT,Female,FEM,Portugal,PRT,0
Malta,MLT,Female,FEM,Romania,ROU,0
Malta,MLT,Female,FEM,Slovak Republic,SVK,2
Malta,MLT,Female,FEM,Slovenia,SVN,0
Malta,MLT,Female,FEM,Spain,ESP,54
Malta,MLT,Female,FEM,Sweden,SWE,41
Malta,MLT,Female,FEM,Malta,MLT,0
Malta,MLT,Male,MAL,Austria,AUT,25
Malta,MLT,Male,MAL,Belgium,BEL,1
Malta,MLT,Male,MAL,Bulgaria,BGR,2
Malta,MLT,Male,MAL,Croatia,HRV,0
Malta,MLT,Male,MAL,Cyprus,CYP,8
Malta,MLT,Male,MAL,Czech Republic,CZE,4
Malta,MLT,Male,MAL,Denmark,DNK,32
Malta,MLT,Male,MAL,Estonia,EST,0
Malta,MLT,Male,MAL,Finland,FIN,17
Malta,MLT,Male,MAL,France,FRA,4702
Malta,MLT,Male,MAL,Germany,DEU,160
Malta,MLT,Male,MAL,Greece,GRC,12
Malta,MLT,Male,MAL,Hungary,HUN,2
Malta,MLT,Male,MAL,Ireland,IRL,107
Malta,MLT,Male,MAL,Italy,ITA,211
Malta,MLT,Male,MAL,Latvia,LVA,1
Malta,MLT,Male,MAL,Lithuania,LTU,1
Malta,MLT,Male,MAL,Luxembourg,LUX,10
Malta,MLT,Male,MAL,Netherlands,NLD,87
Malta,MLT,Male,MAL,Poland,POL,1
Malta,MLT,Male,MAL,Portugal,PRT,0
Malta,MLT,Male,MAL,Romania,ROU,0
Malta,MLT,Male,MAL,Slovak Republic,SVK,0
Malta,MLT,Male,MAL,Slovenia,SVN,0
Malta,MLT,Male,MAL,Spain,ESP,40
Malta,MLT,Male,MAL,Sweden,SWE,46
Malta,MLT,Male,MAL,Malta,MLT,0
Malta,MLT,Total,TOT,Austria,AUT,47
Malta,MLT,Total,TOT,Belgium,BEL,3
Malta,MLT,Total,TOT,Bulgaria,BGR,7
Malta,MLT,Total,TOT,Croatia,HRV,0
Malta,MLT,Total,TOT,Cyprus,CYP,14
Malta,MLT,Total,TOT,Czech Republic,CZE,8
Malta,MLT,Total,TOT,Denmark,DNK,53
Malta,MLT,Total,TOT,Estonia,EST,0
Malta,MLT,Total,TOT,Finland,FIN,23
Malta,MLT,Total,TOT,France,FRA,9528
Malta,MLT,Total,TOT,Germany,DEU,337
Malta,MLT,Total,TOT,Greece,GRC,38
Malta,MLT,Total,TOT,Hungary,HUN,4
Malta,MLT,Total,TOT,Ireland,IRL,221
Malta,MLT,Total,TOT,Italy,ITA,1141
Malta,MLT,Total,TOT,Latvia,LVA,2
Malta,MLT,Total,TOT,Lithuania,LTU,1
Malta,MLT,Total,TOT,Luxembourg,LUX,17
Malta,MLT,Total,TOT,Netherlands,NLD,225
Malta,MLT,Total,TOT,Poland,POL,4
Malta,MLT,Total,TOT,Portugal,PRT,0
Malta,MLT,Total,TOT,Romania,ROU,0
Malta,MLT,Total,TOT,Slovak Republic,SVK,3
Malta,MLT,Total,TOT,Slovenia,SVN,0
Malta,MLT,Total,TOT,Spain,ESP,94
Malta,MLT,Total,TOT,Sweden,SWE,86
Malta,MLT,Total,TOT,Malta,MLT,0
Lithuania,LTU,Female,FEM,Austria,AUT,186
Lithuania,LTU,Female,FEM,Belgium,BEL,151
Lithuania,LTU,Female,FEM,Bulgaria,BGR,98
Lithuania,LTU,Female,FEM,Croatia,HRV,560
Lithuania,LTU,Female,FEM,Cyprus,CYP,36
Lithuania,LTU,Female,FEM,Czech Republic,CZE,107
Lithuania,LTU,Female,FEM,Denmark,DNK,892
Lithuania,LTU,Female,FEM,Estonia,EST,1198
Lithuania,LTU,Female,FEM,Finland,FIN,405
Lithuania,LTU,Female,FEM,France,FRA,14212
Lithuania,LTU,Female,FEM,Germany,DEU,65022
Lithuania,LTU,Female,FEM,Greece,GRC,88
Lithuania,LTU,Female,FEM,Hungary,HUN,1717
Lithuania,LTU,Female,FEM,Ireland,IRL,1125
Lithuania,LTU,Female,FEM,Italy,ITA,510
Lithuania,LTU,Female,FEM,Latvia,LVA,16555
Lithuania,LTU,Female,FEM,Lithuania,LTU,0
Lithuania,LTU,Female,FEM,Luxembourg,LUX,17
Lithuania,LTU,Female,FEM,Netherlands,NLD,351
Lithuania,LTU,Female,FEM,Poland,POL,51703
Lithuania,LTU,Female,FEM,Portugal,PRT,88
Lithuania,LTU,Female,FEM,Romania,ROU,337
Lithuania,LTU,Female,FEM,Slovak Republic,SVK,21
Lithuania,LTU,Female,FEM,Slovenia,SVN,138
Lithuania,LTU,Female,FEM,Spain,ESP,1685
Lithuania,LTU,Female,FEM,Sweden,SWE,622
Lithuania,LTU,Female,FEM,Malta,MLT,1
Lithuania,LTU,Male,MAL,Austria,AUT,107
Lithuania,LTU,Male,MAL,Belgium,BEL,71
Lithuania,LTU,Male,MAL,Bulgaria,BGR,2
Lithuania,LTU,Male,MAL,Croatia,HRV,520
Lithuania,LTU,Male,MAL,Cyprus,CYP,10
Lithuania,LTU,Male,MAL,Czech Republic,CZE,60
Lithuania,LTU,Male,MAL,Denmark,DNK,595
Lithuania,LTU,Male,MAL,Estonia,EST,903
Lithuania,LTU,Male,MAL,Finland,FIN,242
Lithuania,LTU,Male,MAL,France,FRA,13847
Lithuania,LTU,Male,MAL,Germany,DEU,61047
Lithuania,LTU,Male,MAL,Greece,GRC,28
Lithuania,LTU,Male,MAL,Hungary,HUN,1361
Lithuania,LTU,Male,MAL,Ireland,IRL,1269
Lithuania,LTU,Male,MAL,Italy,ITA,72
Lithuania,LTU,Male,MAL,Latvia,LVA,12111
Lithuania,LTU,Male,MAL,Lithuania,LTU,0
Lithuania,LTU,Male,MAL,Luxembourg,LUX,7
Lithuania,LTU,Male,MAL,Netherlands,NLD,90
Lithuania,LTU,Male,MAL,Poland,POL,33873
Lithuania,LTU,Male,MAL,Portugal,PRT,102
Lithuania,LTU,Male,MAL,Romania,ROU,565
Lithuania,LTU,Male,MAL,Slovak Republic,SVK,6
Lithuania,LTU,Male,MAL,Slovenia,SVN,90
Lithuania,LTU,Male,MAL,Spain,ESP,1774
Lithuania,LTU,Male,MAL,Sweden,SWE,411
Lithuania,LTU,Male,MAL,Malta,MLT,1
Lithuania,LTU,Total,TOT,Austria,AUT,294
Lithuania,LTU,Total,TOT,Belgium,BEL,222
Lithuania,LTU,Total,TOT,Bulgaria,BGR,100
Lithuania,LTU,Total,TOT,Croatia,HRV,1080
Lithuania,LTU,Total,TOT,Cyprus,CYP,46
Lithuania,LTU,Total,TOT,Czech Republic,CZE,168
Lithuania,LTU,Total,TOT,Denmark,DNK,1487
Lithuania,LTU,Total,TOT,Estonia,EST,2101
Lithuania,LTU,Total,TOT,Finland,FIN,647
Lithuania,LTU,Total,TOT,France,FRA,28059
Lithuania,LTU,Total,TOT,Germany,DEU,126069
Lithuania,LTU,Total,TOT,Greece,GRC,116
Lithuania,LTU,Total,TOT,Hungary,HUN,3077
Lithuania,LTU,Total,TOT,Ireland,IRL,2393
Lithuania,LTU,Total,TOT,Italy,ITA,582
Lithuania,LTU,Total,TOT,Latvia,LVA,28666
Lithuania,LTU,Total,TOT,Lithuania,LTU,0
Lithuania,LTU,Total,TOT,Luxembourg,LUX,25
Lithuania,LTU,Total,TOT,Netherlands,NLD,441
Lithuania,LTU,Total,TOT,Poland,POL,85576
Lithuania,LTU,Total,TOT,Portugal,PRT,189
Lithuania,LTU,Total,TOT,Romania,ROU,903
Lithuania,LTU,Total,TOT,Slovak Republic,SVK,27
Lithuania,LTU,Total,TOT,Slovenia,SVN,228
Lithuania,LTU,Total,TOT,Spain,ESP,3459
Lithuania,LTU,Total,TOT,Sweden,SWE,1032
Lithuania,LTU,Total,TOT,Malta,MLT,3
Portugal,PRT,Female,FEM,Austria,AUT,543
Portugal,PRT,Female,FEM,Belgium,BEL,13172
Portugal,PRT,Female,FEM,Bulgaria,BGR,11
Portugal,PRT,Female,FEM,Croatia,HRV,17
Portugal,PRT,Female,FEM,Cyprus,CYP,22
Portugal,PRT,Female,FEM,Czech Republic,CZE,18
Portugal,PRT,Female,FEM,Denmark,DNK,317
Portugal,PRT,Female,FEM,Estonia,EST,0
Portugal,PRT,Female,FEM,Finland,FIN,68
Portugal,PRT,Female,FEM,France,FRA,71427
Portugal,PRT,Female,FEM,Germany,DEU,59614
Portugal,PRT,Female,FEM,Greece,GRC,143
Portugal,PRT,Female,FEM,Hungary,HUN,31
Portugal,PRT,Female,FEM,Ireland,IRL,245
Portugal,PRT,Female,FEM,Italy,ITA,3639
Portugal,PRT,Female,FEM,Latvia,LVA,0
Portugal,PRT,Female,FEM,Lithuania,LTU,1
Portugal,PRT,Female,FEM,Luxembourg,LUX,19812
Portugal,PRT,Female,FEM,Netherlands,NLD,5019
Portugal,PRT,Female,FEM,Poland,POL,26
Portugal,PRT,Female,FEM,Portugal,PRT,0
Portugal,PRT,Female,FEM,Romania,ROU,55
Portugal,PRT,Female,FEM,Slovak Republic,SVK,0
Portugal,PRT,Female,FEM,Slovenia,SVN,0
Portugal,PRT,Female,FEM,Spain,ESP,23562
Portugal,PRT,Female,FEM,Sweden,SWE,1129
Portugal,PRT,Female,FEM,Malta,MLT,0
Portugal,PRT,Male,MAL,Austria,AUT,797
Portugal,PRT,Male,MAL,Belgium,BEL,13479
Portugal,PRT,Male,MAL,Bulgaria,BGR,18
Portugal,PRT,Male,MAL,Croatia,HRV,10
Portugal,PRT,Male,MAL,Cyprus,CYP,8
Portugal,PRT,Male,MAL,Czech Republic,CZE,21
Portugal,PRT,Male,MAL,Denmark,DNK,356
Portugal,PRT,Male,MAL,Estonia,EST,0
Portugal,PRT,Male,MAL,Finland,FIN,109
Portugal,PRT,Male,MAL,France,FRA,69589
Portugal,PRT,Male,MAL,Germany,DEU,78626
Portugal,PRT,Male,MAL,Greece,GRC,111
Portugal,PRT,Male,MAL,Hungary,HUN,27
Portugal,PRT,Male,MAL,Ireland,IRL,373
Portugal,PRT,Male,MAL,Italy,ITA,1624
Portugal,PRT,Male,MAL,Latvia,LVA,1
Portugal,PRT,Male,MAL,Lithuania,LTU,2
Portugal,PRT,Male,MAL,Luxembourg,LUX,21540
Portugal,PRT,Male,MAL,Netherlands,NLD,5366
Portugal,PRT,Male,MAL,Poland,POL,39
Portugal,PRT,Male,MAL,Portugal,PRT,0
Portugal,PRT,Male,MAL,Romania,ROU,61
Portugal,PRT,Male,MAL,Slovak Republic,SVK,3
Portugal,PRT,Male,MAL,Slovenia,SVN,0
Portugal,PRT,Male,MAL,Spain,ESP,21917
Portugal,PRT,Male,MAL,Sweden,SWE,1358
Portugal,PRT,Male,MAL,Malta,MLT,0
Portugal,PRT,Total,TOT,Austria,AUT,1341
Portugal,PRT,Total,TOT,Belgium,BEL,26651
Portugal,PRT,Total,TOT,Bulgaria,BGR,30
Portugal,PRT,Total,TOT,Croatia,HRV,28
Portugal,PRT,Total,TOT,Cyprus,CYP,30
Portugal,PRT,Total,TOT,Czech Republic,CZE,39
Portugal,PRT,Total,TOT,Denmark,DNK,672
Portugal,PRT,Total,TOT,Estonia,EST,0
Portugal,PRT,Total,TOT,Finland,FIN,177
Portugal,PRT,Total,TOT,France,FRA,141016
Portugal,PRT,Total,TOT,Germany,DEU,138240
Portugal,PRT,Total,TOT,Greece,GRC,254
Portugal,PRT,Total,TOT,Hungary,HUN,59
Portugal,PRT,Total,TOT,Ireland,IRL,618
Portugal,PRT,Total,TOT,Italy,ITA,5262
Portugal,PRT,Total,TOT,Latvia,LVA,1
Portugal,PRT,Total,TOT,Lithuania,LTU,3
Portugal,PRT,Total,TOT,Luxembourg,LUX,41352
Portugal,PRT,Total,TOT,Netherlands,NLD,10385
Portugal,PRT,Total,TOT,Poland,POL,64
Portugal,PRT,Total,TOT,Portugal,PRT,0
Portugal,PRT,Total,TOT,Romania,ROU,115
Portugal,PRT,Total,TOT,Slovak Republic,SVK,4
Portugal,PRT,Total,TOT,Slovenia,SVN,0
Portugal,PRT,Total,TOT,Spain,ESP,45479
Portugal,PRT,Total,TOT,Sweden,SWE,2487
Portugal,PRT,Total,TOT,Malta,MLT,0
